-- phpMyAdmin SQL Dump
-- version 5.2.1
-- https://www.phpmyadmin.net/
--
-- Host: 127.0.0.1
-- Generation Time: Aug 31, 2024 at 01:20 PM
-- Server version: 10.4.32-MariaDB
-- PHP Version: 8.2.12

SET SQL_MODE = "NO_AUTO_VALUE_ON_ZERO";
START TRANSACTION;
SET time_zone = "+00:00";


/*!40101 SET @OLD_CHARACTER_SET_CLIENT=@@CHARACTER_SET_CLIENT */;
/*!40101 SET @OLD_CHARACTER_SET_RESULTS=@@CHARACTER_SET_RESULTS */;
/*!40101 SET @OLD_COLLATION_CONNECTION=@@COLLATION_CONNECTION */;
/*!40101 SET NAMES utf8mb4 */;

--
-- Database: `example`
--

-- --------------------------------------------------------

--
-- Table structure for table `cache`
--

CREATE TABLE `cache` (
  `key` varchar(255) NOT NULL,
  `value` mediumtext NOT NULL,
  `expiration` int(11) NOT NULL
) ENGINE=InnoDB DEFAULT CHARSET=utf8mb4 COLLATE=utf8mb4_unicode_ci;

-- --------------------------------------------------------

--
-- Table structure for table `cache_locks`
--

CREATE TABLE `cache_locks` (
  `key` varchar(255) NOT NULL,
  `owner` varchar(255) NOT NULL,
  `expiration` int(11) NOT NULL
) ENGINE=InnoDB DEFAULT CHARSET=utf8mb4 COLLATE=utf8mb4_unicode_ci;

-- --------------------------------------------------------

--
-- Table structure for table `categories`
--

CREATE TABLE `categories` (
  `id` bigint(20) UNSIGNED NOT NULL,
  `name` varchar(255) NOT NULL,
  `slug` varchar(255) NOT NULL,
  `parent_id` bigint(20) UNSIGNED DEFAULT NULL,
  `created_at` timestamp NULL DEFAULT NULL,
  `updated_at` timestamp NULL DEFAULT NULL
) ENGINE=InnoDB DEFAULT CHARSET=utf8mb4 COLLATE=utf8mb4_unicode_ci;

--
-- Dumping data for table `categories`
--

INSERT INTO `categories` (`id`, `name`, `slug`, `parent_id`, `created_at`, `updated_at`) VALUES
(1, 'minus', 'minus', NULL, '2024-08-31 04:02:58', '2024-08-31 04:02:58'),
(2, 'ut', 'ut', NULL, '2024-08-31 04:02:58', '2024-08-31 04:02:58'),
(3, 'suscipit', 'suscipit', NULL, '2024-08-31 04:02:58', '2024-08-31 04:02:58'),
(4, 'hic', 'hic', NULL, '2024-08-31 04:02:58', '2024-08-31 04:02:58'),
(5, 'nesciunt', 'nesciunt', NULL, '2024-08-31 04:02:58', '2024-08-31 04:02:58');

-- --------------------------------------------------------

--
-- Table structure for table `failed_jobs`
--

CREATE TABLE `failed_jobs` (
  `id` bigint(20) UNSIGNED NOT NULL,
  `uuid` varchar(255) NOT NULL,
  `connection` text NOT NULL,
  `queue` text NOT NULL,
  `payload` longtext NOT NULL,
  `exception` longtext NOT NULL,
  `failed_at` timestamp NOT NULL DEFAULT current_timestamp()
) ENGINE=InnoDB DEFAULT CHARSET=utf8mb4 COLLATE=utf8mb4_unicode_ci;

-- --------------------------------------------------------

--
-- Table structure for table `jobs`
--

CREATE TABLE `jobs` (
  `id` bigint(20) UNSIGNED NOT NULL,
  `queue` varchar(255) NOT NULL,
  `payload` longtext NOT NULL,
  `attempts` tinyint(3) UNSIGNED NOT NULL,
  `reserved_at` int(10) UNSIGNED DEFAULT NULL,
  `available_at` int(10) UNSIGNED NOT NULL,
  `created_at` int(10) UNSIGNED NOT NULL
) ENGINE=InnoDB DEFAULT CHARSET=utf8mb4 COLLATE=utf8mb4_unicode_ci;

-- --------------------------------------------------------

--
-- Table structure for table `job_batches`
--

CREATE TABLE `job_batches` (
  `id` varchar(255) NOT NULL,
  `name` varchar(255) NOT NULL,
  `total_jobs` int(11) NOT NULL,
  `pending_jobs` int(11) NOT NULL,
  `failed_jobs` int(11) NOT NULL,
  `failed_job_ids` longtext NOT NULL,
  `options` mediumtext DEFAULT NULL,
  `cancelled_at` int(11) DEFAULT NULL,
  `created_at` int(11) NOT NULL,
  `finished_at` int(11) DEFAULT NULL
) ENGINE=InnoDB DEFAULT CHARSET=utf8mb4 COLLATE=utf8mb4_unicode_ci;

-- --------------------------------------------------------

--
-- Table structure for table `migrations`
--

CREATE TABLE `migrations` (
  `id` int(10) UNSIGNED NOT NULL,
  `migration` varchar(255) NOT NULL,
  `batch` int(11) NOT NULL
) ENGINE=InnoDB DEFAULT CHARSET=utf8mb4 COLLATE=utf8mb4_unicode_ci;

--
-- Dumping data for table `migrations`
--

INSERT INTO `migrations` (`id`, `migration`, `batch`) VALUES
(1, '0001_01_01_000000_create_users_table', 1),
(2, '0001_01_01_000001_create_cache_table', 1),
(3, '0001_01_01_000002_create_jobs_table', 1),
(10, '2024_08_31_075049_create_categories_table', 2),
(11, '2024_08_31_075049_create_products_table', 2),
(12, '2024_08_31_075050_create_orders_table', 2),
(13, '2024_08_31_075050_create_product_categories_table', 2),
(14, '2024_08_31_075051_create_order_details_table', 2),
(17, '2024_08_31_075051_create_product_reviews_table', 3);

-- --------------------------------------------------------

--
-- Table structure for table `orders`
--

CREATE TABLE `orders` (
  `id` bigint(20) UNSIGNED NOT NULL,
  `grand_total` decimal(10,2) NOT NULL,
  `shipping_cost` decimal(8,2) NOT NULL,
  `discount` decimal(8,2) NOT NULL,
  `user_id` bigint(20) UNSIGNED NOT NULL,
  `created_at` timestamp NULL DEFAULT NULL,
  `updated_at` timestamp NULL DEFAULT NULL
) ENGINE=InnoDB DEFAULT CHARSET=utf8mb4 COLLATE=utf8mb4_unicode_ci;

--
-- Dumping data for table `orders`
--

INSERT INTO `orders` (`id`, `grand_total`, `shipping_cost`, `discount`, `user_id`, `created_at`, `updated_at`) VALUES
(1, 185.63, 16.63, 16.01, 244, '2024-08-31 04:02:59', '2024-08-31 04:02:59'),
(2, 199.14, 14.95, 11.14, 245, '2024-08-31 04:02:59', '2024-08-31 04:02:59'),
(3, 345.60, 10.15, 10.41, 246, '2024-08-31 04:02:59', '2024-08-31 04:02:59'),
(4, 313.36, 14.54, 43.61, 247, '2024-08-31 04:02:59', '2024-08-31 04:02:59'),
(5, 155.56, 16.11, 9.54, 248, '2024-08-31 04:02:59', '2024-08-31 04:02:59'),
(6, 408.91, 18.90, 10.14, 249, '2024-08-31 04:02:59', '2024-08-31 04:02:59'),
(7, 480.50, 18.67, 33.62, 250, '2024-08-31 04:02:59', '2024-08-31 04:02:59'),
(8, 167.36, 16.90, 17.17, 251, '2024-08-31 04:02:59', '2024-08-31 04:02:59'),
(9, 120.13, 10.80, 17.25, 252, '2024-08-31 04:02:59', '2024-08-31 04:02:59'),
(10, 370.51, 12.28, 30.84, 253, '2024-08-31 04:02:59', '2024-08-31 04:02:59'),
(11, 164.09, 13.16, 4.36, 254, '2024-08-31 04:02:59', '2024-08-31 04:02:59'),
(12, 158.94, 6.87, 26.17, 255, '2024-08-31 04:02:59', '2024-08-31 04:02:59'),
(13, 262.75, 17.95, 41.06, 256, '2024-08-31 04:02:59', '2024-08-31 04:02:59'),
(14, 207.69, 10.02, 2.87, 257, '2024-08-31 04:02:59', '2024-08-31 04:02:59'),
(15, 243.61, 8.14, 9.06, 258, '2024-08-31 04:02:59', '2024-08-31 04:02:59');

-- --------------------------------------------------------

--
-- Table structure for table `order_details`
--

CREATE TABLE `order_details` (
  `id` bigint(20) UNSIGNED NOT NULL,
  `product_id` bigint(20) UNSIGNED NOT NULL,
  `order_id` bigint(20) UNSIGNED NOT NULL,
  `unit_price` decimal(8,2) NOT NULL,
  `quantity` int(11) NOT NULL,
  `created_at` timestamp NULL DEFAULT NULL,
  `updated_at` timestamp NULL DEFAULT NULL
) ENGINE=InnoDB DEFAULT CHARSET=utf8mb4 COLLATE=utf8mb4_unicode_ci;

--
-- Dumping data for table `order_details`
--

INSERT INTO `order_details` (`id`, `product_id`, `order_id`, `unit_price`, `quantity`, `created_at`, `updated_at`) VALUES
(1, 9, 1, 23.79, 1, '2024-08-31 04:02:59', '2024-08-31 04:02:59'),
(2, 17, 2, 62.38, 3, '2024-08-31 04:02:59', '2024-08-31 04:02:59'),
(3, 11, 3, 65.10, 5, '2024-08-31 04:02:59', '2024-08-31 04:02:59'),
(4, 1, 4, 20.88, 3, '2024-08-31 04:02:59', '2024-08-31 04:02:59'),
(5, 1, 4, 92.80, 4, '2024-08-31 04:02:59', '2024-08-31 04:02:59'),
(6, 11, 5, 35.03, 3, '2024-08-31 04:02:59', '2024-08-31 04:02:59'),
(7, 11, 5, 65.29, 2, '2024-08-31 04:02:59', '2024-08-31 04:02:59'),
(8, 1, 6, 58.77, 5, '2024-08-31 04:02:59', '2024-08-31 04:02:59'),
(9, 6, 7, 14.31, 5, '2024-08-31 04:02:59', '2024-08-31 04:02:59'),
(10, 6, 7, 54.81, 2, '2024-08-31 04:02:59', '2024-08-31 04:02:59'),
(11, 15, 8, 76.90, 3, '2024-08-31 04:02:59', '2024-08-31 04:02:59'),
(12, 15, 8, 33.64, 3, '2024-08-31 04:02:59', '2024-08-31 04:02:59'),
(13, 16, 9, 73.00, 2, '2024-08-31 04:02:59', '2024-08-31 04:02:59'),
(14, 16, 9, 10.18, 3, '2024-08-31 04:02:59', '2024-08-31 04:02:59'),
(15, 16, 9, 89.08, 4, '2024-08-31 04:02:59', '2024-08-31 04:02:59'),
(16, 2, 10, 25.42, 1, '2024-08-31 04:02:59', '2024-08-31 04:02:59'),
(17, 2, 10, 41.31, 5, '2024-08-31 04:02:59', '2024-08-31 04:02:59'),
(18, 7, 11, 15.57, 1, '2024-08-31 04:02:59', '2024-08-31 04:02:59'),
(19, 6, 12, 88.13, 2, '2024-08-31 04:02:59', '2024-08-31 04:02:59'),
(20, 6, 12, 26.68, 5, '2024-08-31 04:02:59', '2024-08-31 04:02:59'),
(21, 18, 13, 18.98, 1, '2024-08-31 04:02:59', '2024-08-31 04:02:59'),
(22, 18, 13, 44.06, 1, '2024-08-31 04:02:59', '2024-08-31 04:02:59'),
(23, 18, 13, 35.95, 1, '2024-08-31 04:02:59', '2024-08-31 04:02:59'),
(24, 16, 14, 25.84, 1, '2024-08-31 04:02:59', '2024-08-31 04:02:59'),
(25, 6, 15, 88.66, 3, '2024-08-31 04:02:59', '2024-08-31 04:02:59'),
(26, 6, 15, 10.93, 2, '2024-08-31 04:02:59', '2024-08-31 04:02:59'),
(27, 6, 15, 13.38, 4, '2024-08-31 04:02:59', '2024-08-31 04:02:59');

-- --------------------------------------------------------

--
-- Table structure for table `password_reset_tokens`
--

CREATE TABLE `password_reset_tokens` (
  `email` varchar(255) NOT NULL,
  `token` varchar(255) NOT NULL,
  `created_at` timestamp NULL DEFAULT NULL
) ENGINE=InnoDB DEFAULT CHARSET=utf8mb4 COLLATE=utf8mb4_unicode_ci;

-- --------------------------------------------------------

--
-- Table structure for table `products`
--

CREATE TABLE `products` (
  `id` bigint(20) UNSIGNED NOT NULL,
  `name` varchar(255) NOT NULL,
  `slug` varchar(255) NOT NULL,
  `price` decimal(8,2) NOT NULL,
  `created_at` timestamp NULL DEFAULT NULL,
  `updated_at` timestamp NULL DEFAULT NULL
) ENGINE=InnoDB DEFAULT CHARSET=utf8mb4 COLLATE=utf8mb4_unicode_ci;

--
-- Dumping data for table `products`
--

INSERT INTO `products` (`id`, `name`, `slug`, `price`, `created_at`, `updated_at`) VALUES
(1, 'sed', 'id-fugit-consectetur-in-et', 79.59, '2024-08-31 04:02:58', '2024-08-31 04:02:58'),
(2, 'id', 'quo-dolores-at-ut-voluptatem-voluptatibus-ducimus-tempore', 11.09, '2024-08-31 04:02:58', '2024-08-31 04:02:58'),
(3, 'quo', 'nisi-est-corrupti-laborum-maxime', 96.95, '2024-08-31 04:02:58', '2024-08-31 04:02:58'),
(4, 'deserunt', 'eius-voluptatibus-sapiente-excepturi-aut', 24.20, '2024-08-31 04:02:58', '2024-08-31 04:02:58'),
(5, 'occaecati', 'omnis-nulla-veniam-id-impedit-aut-qui-quisquam-nostrum', 74.88, '2024-08-31 04:02:58', '2024-08-31 04:02:58'),
(6, 'omnis', 'aut-modi-veritatis-voluptatibus-deserunt-ut-aut', 36.97, '2024-08-31 04:02:58', '2024-08-31 04:02:58'),
(7, 'sint', 'tempora-itaque-totam-veritatis-labore', 84.28, '2024-08-31 04:02:58', '2024-08-31 04:02:58'),
(8, 'aut', 'et-qui-magnam-rerum-deleniti-aliquid-delectus-necessitatibus', 49.95, '2024-08-31 04:02:58', '2024-08-31 04:02:58'),
(9, 'saepe', 'voluptatem-esse-nulla-error-dolores-voluptatem-rem-labore', 38.52, '2024-08-31 04:02:58', '2024-08-31 04:02:58'),
(10, 'aut', 'ipsum-sapiente-ea-similique-et', 57.02, '2024-08-31 04:02:58', '2024-08-31 04:02:58'),
(11, 'non', 'nemo-omnis-veritatis-quisquam-corrupti-necessitatibus-est', 62.64, '2024-08-31 04:02:58', '2024-08-31 04:02:58'),
(12, 'est', 'qui-aut-nulla-voluptate-neque-neque', 92.00, '2024-08-31 04:02:58', '2024-08-31 04:02:58'),
(13, 'sint', 'eos-pariatur-est-totam-qui', 11.84, '2024-08-31 04:02:58', '2024-08-31 04:02:58'),
(14, 'nihil', 'non-quibusdam-sed-dolorem-ipsam-distinctio-vero-eveniet', 74.67, '2024-08-31 04:02:58', '2024-08-31 04:02:58'),
(15, 'aspernatur', 'in-ea-debitis-consequuntur-tempora-eaque', 18.30, '2024-08-31 04:02:58', '2024-08-31 04:02:58'),
(16, 'animi', 'at-eos-suscipit-nihil-vel-possimus-ut', 20.82, '2024-08-31 04:02:58', '2024-08-31 04:02:58'),
(17, 'sit', 'eos-a-dolorem-quo-voluptatem', 51.02, '2024-08-31 04:02:58', '2024-08-31 04:02:58'),
(18, 'et', 'quia-consequatur-aspernatur-mollitia-consequatur-blanditiis-corporis-praesentium', 53.62, '2024-08-31 04:02:58', '2024-08-31 04:02:58'),
(19, 'et', 'eaque-rem-velit-aut-omnis-voluptatem-non', 20.11, '2024-08-31 04:02:58', '2024-08-31 04:02:58'),
(20, 'voluptas', 'voluptas-aut-quas-ex-harum-quasi-qui-voluptas', 29.64, '2024-08-31 04:02:58', '2024-08-31 04:02:58');

-- --------------------------------------------------------

--
-- Table structure for table `product_categories`
--

CREATE TABLE `product_categories` (
  `id` bigint(20) UNSIGNED NOT NULL,
  `product_id` bigint(20) UNSIGNED NOT NULL,
  `category_id` bigint(20) UNSIGNED NOT NULL
) ENGINE=InnoDB DEFAULT CHARSET=utf8mb4 COLLATE=utf8mb4_unicode_ci;

--
-- Dumping data for table `product_categories`
--

INSERT INTO `product_categories` (`id`, `product_id`, `category_id`) VALUES
(1, 1, 1),
(2, 1, 2),
(3, 1, 4),
(4, 2, 2),
(5, 2, 4),
(6, 2, 5),
(7, 3, 3),
(8, 3, 4),
(9, 4, 1),
(10, 4, 3),
(11, 4, 5),
(12, 5, 3),
(13, 6, 1),
(14, 6, 3),
(15, 6, 5),
(16, 7, 2),
(17, 7, 3),
(18, 7, 4),
(19, 8, 2),
(20, 8, 3),
(21, 8, 4),
(22, 9, 1),
(23, 9, 4),
(24, 9, 5),
(25, 10, 1),
(26, 10, 3),
(27, 10, 5),
(28, 11, 4),
(29, 11, 5),
(30, 12, 1),
(31, 12, 2),
(32, 13, 4),
(33, 14, 2),
(34, 14, 4),
(35, 14, 5),
(36, 15, 5),
(37, 16, 1),
(38, 16, 2),
(39, 17, 3),
(40, 18, 1),
(41, 19, 3),
(42, 19, 5),
(43, 20, 1),
(44, 20, 2),
(45, 20, 3);

-- --------------------------------------------------------

--
-- Table structure for table `product_reviews`
--

CREATE TABLE `product_reviews` (
  `id` bigint(20) UNSIGNED NOT NULL,
  `product_id` bigint(20) UNSIGNED NOT NULL,
  `user_id` bigint(20) UNSIGNED NOT NULL,
  `comment` text NOT NULL,
  `rating` tinyint(3) UNSIGNED NOT NULL,
  `created_at` timestamp NULL DEFAULT NULL,
  `updated_at` timestamp NULL DEFAULT NULL
) ENGINE=InnoDB DEFAULT CHARSET=utf8mb4 COLLATE=utf8mb4_unicode_ci;

--
-- Dumping data for table `product_reviews`
--

INSERT INTO `product_reviews` (`id`, `product_id`, `user_id`, `comment`, `rating`, `created_at`, `updated_at`) VALUES
(1, 1, 299, 'Dolorum architecto eveniet autem.', 6, '2024-08-31 04:14:20', '2024-08-31 04:14:20'),
(2, 2, 300, 'Omnis assumenda sed quia perferendis architecto nostrum quos sed.', 3, '2024-08-31 04:14:20', '2024-08-31 04:14:20'),
(3, 3, 301, 'Quia aut consequatur dicta.', 2, '2024-08-31 04:14:20', '2024-08-31 04:14:20'),
(4, 4, 302, 'Non sapiente rerum suscipit quia.', 1, '2024-08-31 04:14:20', '2024-08-31 04:14:20'),
(5, 5, 303, 'At exercitationem dignissimos sint eius.', 3, '2024-08-31 04:14:20', '2024-08-31 04:14:20'),
(6, 6, 304, 'Et qui aut vitae repellendus adipisci quae.', 5, '2024-08-31 04:14:20', '2024-08-31 04:14:20'),
(7, 7, 305, 'Voluptates voluptatibus quia ad nam aliquam porro dolorem.', 1, '2024-08-31 04:14:20', '2024-08-31 04:14:20'),
(8, 8, 306, 'Quos eos quo vel mollitia.', 2, '2024-08-31 04:14:20', '2024-08-31 04:14:20'),
(9, 9, 307, 'Optio ut ipsa rem libero.', 3, '2024-08-31 04:14:20', '2024-08-31 04:14:20'),
(10, 10, 308, 'Sit possimus voluptas fugit consequatur magni autem et.', 5, '2024-08-31 04:14:20', '2024-08-31 04:14:20'),
(11, 11, 309, 'Numquam dolores est maxime eum eos architecto voluptatum facere.', 5, '2024-08-31 04:14:20', '2024-08-31 04:14:20'),
(12, 12, 310, 'Minus quo aut quis debitis ad itaque.', 2, '2024-08-31 04:14:20', '2024-08-31 04:14:20'),
(13, 13, 311, 'Et ut natus unde nemo.', 1, '2024-08-31 04:14:20', '2024-08-31 04:14:20'),
(14, 14, 312, 'Id velit similique pariatur laborum.', 3, '2024-08-31 04:14:20', '2024-08-31 04:14:20'),
(15, 15, 313, 'Esse voluptatum placeat et natus non quas maiores.', 3, '2024-08-31 04:14:20', '2024-08-31 04:14:20'),
(16, 16, 314, 'Beatae est ut nihil ex earum consequatur in sunt.', 4, '2024-08-31 04:14:20', '2024-08-31 04:14:20'),
(17, 17, 315, 'Explicabo non voluptate explicabo distinctio.', 4, '2024-08-31 04:14:20', '2024-08-31 04:14:20'),
(18, 18, 316, 'Aut tempora dolor necessitatibus expedita.', 5, '2024-08-31 04:14:20', '2024-08-31 04:14:20');

-- --------------------------------------------------------

--
-- Table structure for table `sessions`
--

CREATE TABLE `sessions` (
  `id` varchar(255) NOT NULL,
  `user_id` bigint(20) UNSIGNED DEFAULT NULL,
  `ip_address` varchar(45) DEFAULT NULL,
  `user_agent` text DEFAULT NULL,
  `payload` longtext NOT NULL,
  `last_activity` int(11) NOT NULL
) ENGINE=InnoDB DEFAULT CHARSET=utf8mb4 COLLATE=utf8mb4_unicode_ci;

--
-- Dumping data for table `sessions`
--

INSERT INTO `sessions` (`id`, `user_id`, `ip_address`, `user_agent`, `payload`, `last_activity`) VALUES
('Ha61Q5joxhbieoi22GdmHOTgvSjwxEipIQ3Kf68D', NULL, '127.0.0.1', 'Mozilla/5.0 (Windows NT 10.0; Win64; x64) AppleWebKit/537.36 (KHTML, like Gecko) Chrome/128.0.0.0 Safari/537.36 Edg/128.0.0.0', 'YTozOntzOjY6Il90b2tlbiI7czo0MDoiZDZOWmdOR1dzOXNTVmU3cFY4Y2Y4U3pJc2tBWEo5U2RuZXRxREZWNiI7czo5OiJfcHJldmlvdXMiO2E6MTp7czozOiJ1cmwiO3M6NTc6Imh0dHA6Ly8xMjcuMC4wLjE6ODAwMC9jYXRlZ29yeS9wcm9kdWN0cz9jYXRlZ29yeT11dCZzb3J0PSI7fXM6NjoiX2ZsYXNoIjthOjI6e3M6Mzoib2xkIjthOjA6e31zOjM6Im5ldyI7YTowOnt9fX0=', 1725101508),
('quuYpOkklqjRbaK5qVAj7piuM6k7Bh4DQbfdaCKk', NULL, '127.0.0.1', 'PostmanRuntime/7.41.2', 'YTozOntzOjY6Il90b2tlbiI7czo0MDoiR0pzcWJHZWt1MkkxSG9PTVVZcllYMUpVazVJNXQ4anJFNzBLT3RXcyI7czo5OiJfcHJldmlvdXMiO2E6MTp7czozOiJ1cmwiO3M6MjE6Imh0dHA6Ly8xMjcuMC4wLjE6ODAwMCI7fXM6NjoiX2ZsYXNoIjthOjI6e3M6Mzoib2xkIjthOjA6e31zOjM6Im5ldyI7YTowOnt9fX0=', 1725102464);

-- --------------------------------------------------------

--
-- Table structure for table `users`
--

CREATE TABLE `users` (
  `id` bigint(20) UNSIGNED NOT NULL,
  `name` varchar(255) NOT NULL,
  `email` varchar(255) NOT NULL,
  `email_verified_at` timestamp NULL DEFAULT NULL,
  `password` varchar(255) NOT NULL,
  `remember_token` varchar(100) DEFAULT NULL,
  `created_at` timestamp NULL DEFAULT NULL,
  `updated_at` timestamp NULL DEFAULT NULL
) ENGINE=InnoDB DEFAULT CHARSET=utf8mb4 COLLATE=utf8mb4_unicode_ci;

--
-- Dumping data for table `users`
--

INSERT INTO `users` (`id`, `name`, `email`, `email_verified_at`, `password`, `remember_token`, `created_at`, `updated_at`) VALUES
(1, 'Luis Hane', 'medhurst.keegan@example.net', '2024-08-31 02:00:35', '$2y$12$Dadfac/qlwXHughssEYPkeqNzPTe0/ysWWa1BeC.fUUq6IIRAj8Ee', 'aMYfm4SAHY', '2024-08-31 02:00:35', '2024-08-31 02:00:35'),
(2, 'Anita Kuphal', 'otorphy@example.org', '2024-08-31 02:00:35', '$2y$12$Dadfac/qlwXHughssEYPkeqNzPTe0/ysWWa1BeC.fUUq6IIRAj8Ee', 'bAYq5MoW4O', '2024-08-31 02:00:35', '2024-08-31 02:00:35'),
(3, 'Adeline Swift', 'kaylin80@example.org', '2024-08-31 02:00:35', '$2y$12$Dadfac/qlwXHughssEYPkeqNzPTe0/ysWWa1BeC.fUUq6IIRAj8Ee', 'rcvJSgFE8e', '2024-08-31 02:00:35', '2024-08-31 02:00:35'),
(4, 'Aubree Murazik', 'marie.miller@example.net', '2024-08-31 02:00:35', '$2y$12$Dadfac/qlwXHughssEYPkeqNzPTe0/ysWWa1BeC.fUUq6IIRAj8Ee', '3BVmqoMIzm', '2024-08-31 02:00:35', '2024-08-31 02:00:35'),
(5, 'Kari Shields', 'theo94@example.org', '2024-08-31 02:00:35', '$2y$12$Dadfac/qlwXHughssEYPkeqNzPTe0/ysWWa1BeC.fUUq6IIRAj8Ee', 'Wg4N1c6DR0', '2024-08-31 02:00:35', '2024-08-31 02:00:35'),
(6, 'Rodger Maggio', 'garland48@example.net', '2024-08-31 02:00:35', '$2y$12$Dadfac/qlwXHughssEYPkeqNzPTe0/ysWWa1BeC.fUUq6IIRAj8Ee', 'RNikc74n3e', '2024-08-31 02:00:35', '2024-08-31 02:00:35'),
(7, 'Steve Marvin', 'vonrueden.lavina@example.com', '2024-08-31 02:00:35', '$2y$12$Dadfac/qlwXHughssEYPkeqNzPTe0/ysWWa1BeC.fUUq6IIRAj8Ee', 'q06ZDwoKTb', '2024-08-31 02:00:35', '2024-08-31 02:00:35'),
(8, 'Julianne Bode', 'okeefe.santiago@example.org', '2024-08-31 02:00:35', '$2y$12$Dadfac/qlwXHughssEYPkeqNzPTe0/ysWWa1BeC.fUUq6IIRAj8Ee', 'MhXCh6rZuz', '2024-08-31 02:00:35', '2024-08-31 02:00:35'),
(9, 'Mr. Tillman Sipes III', 'fkemmer@example.org', '2024-08-31 02:00:35', '$2y$12$Dadfac/qlwXHughssEYPkeqNzPTe0/ysWWa1BeC.fUUq6IIRAj8Ee', 'rexzpbzNGH', '2024-08-31 02:00:35', '2024-08-31 02:00:35'),
(10, 'Demetris Orn', 'kshlerin.otho@example.org', '2024-08-31 02:00:35', '$2y$12$Dadfac/qlwXHughssEYPkeqNzPTe0/ysWWa1BeC.fUUq6IIRAj8Ee', 'sd7fSMoAtV', '2024-08-31 02:00:35', '2024-08-31 02:00:35'),
(11, 'Test User', 'test@example.com', '2024-08-31 02:00:35', '$2y$12$Dadfac/qlwXHughssEYPkeqNzPTe0/ysWWa1BeC.fUUq6IIRAj8Ee', 'omBJ6B8xgY', '2024-08-31 02:00:35', '2024-08-31 02:00:35'),
(12, 'Allen Casper', 'daniel.soledad@example.com', '2024-08-31 02:01:35', '$2y$12$giDW4op1CkHkE7gOgCtWbOQy7K1v6AovndH3q3mdJa5Y1ZgOgaPZC', 'snA9enTGJK', '2024-08-31 02:01:35', '2024-08-31 02:01:35'),
(13, 'Mr. Chance Heidenreich DDS', 'elvera62@example.net', '2024-08-31 02:01:35', '$2y$12$giDW4op1CkHkE7gOgCtWbOQy7K1v6AovndH3q3mdJa5Y1ZgOgaPZC', 'ozSo5La53t', '2024-08-31 02:01:35', '2024-08-31 02:01:35'),
(14, 'Max Turner', 'sanderson@example.org', '2024-08-31 02:01:35', '$2y$12$giDW4op1CkHkE7gOgCtWbOQy7K1v6AovndH3q3mdJa5Y1ZgOgaPZC', 'pyuR82VZPl', '2024-08-31 02:01:35', '2024-08-31 02:01:35'),
(15, 'Dr. Madison Keeling V', 'astroman@example.net', '2024-08-31 02:01:35', '$2y$12$giDW4op1CkHkE7gOgCtWbOQy7K1v6AovndH3q3mdJa5Y1ZgOgaPZC', 'hVLeBumU1U', '2024-08-31 02:01:35', '2024-08-31 02:01:35'),
(16, 'Jonathan Walker', 'oscar.volkman@example.net', '2024-08-31 02:01:35', '$2y$12$giDW4op1CkHkE7gOgCtWbOQy7K1v6AovndH3q3mdJa5Y1ZgOgaPZC', 'HjHWhzGBO0', '2024-08-31 02:01:35', '2024-08-31 02:01:35'),
(17, 'William Grimes', 'arturo55@example.net', '2024-08-31 02:01:35', '$2y$12$giDW4op1CkHkE7gOgCtWbOQy7K1v6AovndH3q3mdJa5Y1ZgOgaPZC', 'O5KQuKHWCF', '2024-08-31 02:01:35', '2024-08-31 02:01:35'),
(18, 'Prof. Janet Schamberger IV', 'liliana.strosin@example.net', '2024-08-31 02:01:35', '$2y$12$giDW4op1CkHkE7gOgCtWbOQy7K1v6AovndH3q3mdJa5Y1ZgOgaPZC', 'nK221kDfie', '2024-08-31 02:01:35', '2024-08-31 02:01:35'),
(19, 'Kristoffer Bernier I', 'kautzer.deonte@example.com', '2024-08-31 02:01:35', '$2y$12$giDW4op1CkHkE7gOgCtWbOQy7K1v6AovndH3q3mdJa5Y1ZgOgaPZC', 'wuvlJOSIP3', '2024-08-31 02:01:35', '2024-08-31 02:01:35'),
(20, 'Darrin Douglas', 'adela61@example.org', '2024-08-31 02:01:35', '$2y$12$giDW4op1CkHkE7gOgCtWbOQy7K1v6AovndH3q3mdJa5Y1ZgOgaPZC', 'sy01rulvnE', '2024-08-31 02:01:35', '2024-08-31 02:01:35'),
(21, 'Dr. Nicole Considine', 'june.wiegand@example.net', '2024-08-31 02:01:35', '$2y$12$giDW4op1CkHkE7gOgCtWbOQy7K1v6AovndH3q3mdJa5Y1ZgOgaPZC', 'bqA1MiNccQ', '2024-08-31 02:01:35', '2024-08-31 02:01:35'),
(23, 'Prof. Beatrice Littel', 'zryan@example.net', '2024-08-31 02:06:23', '$2y$12$GXczcrTCRLRIX2EXR4M/.ucGj9j5PXAFbqCpqBv8Es3fVhYozijSm', 'fps0WKNIME', '2024-08-31 02:06:24', '2024-08-31 02:06:24'),
(24, 'Jamaal Towne PhD', 'tre47@example.com', '2024-08-31 02:06:23', '$2y$12$GXczcrTCRLRIX2EXR4M/.ucGj9j5PXAFbqCpqBv8Es3fVhYozijSm', 'XZR1lqZRbE', '2024-08-31 02:06:24', '2024-08-31 02:06:24'),
(25, 'Prof. Terrill Auer', 'kailey81@example.org', '2024-08-31 02:06:23', '$2y$12$GXczcrTCRLRIX2EXR4M/.ucGj9j5PXAFbqCpqBv8Es3fVhYozijSm', 'x07ewzi5eM', '2024-08-31 02:06:24', '2024-08-31 02:06:24'),
(26, 'Anya Roberts', 'yazmin.muller@example.net', '2024-08-31 02:06:23', '$2y$12$GXczcrTCRLRIX2EXR4M/.ucGj9j5PXAFbqCpqBv8Es3fVhYozijSm', '0H9IFOHnN0', '2024-08-31 02:06:24', '2024-08-31 02:06:24'),
(27, 'Caitlyn Herzog', 'leo.renner@example.com', '2024-08-31 02:06:23', '$2y$12$GXczcrTCRLRIX2EXR4M/.ucGj9j5PXAFbqCpqBv8Es3fVhYozijSm', 'WFrBc9alPO', '2024-08-31 02:06:24', '2024-08-31 02:06:24'),
(28, 'Betsy Ziemann', 'percy.welch@example.org', '2024-08-31 02:06:23', '$2y$12$GXczcrTCRLRIX2EXR4M/.ucGj9j5PXAFbqCpqBv8Es3fVhYozijSm', '2tGarFPtdR', '2024-08-31 02:06:24', '2024-08-31 02:06:24'),
(29, 'Emma Carter', 'oglover@example.org', '2024-08-31 02:06:23', '$2y$12$GXczcrTCRLRIX2EXR4M/.ucGj9j5PXAFbqCpqBv8Es3fVhYozijSm', 'mJiTa13EtO', '2024-08-31 02:06:24', '2024-08-31 02:06:24'),
(30, 'Pattie Heaney', 'constance72@example.com', '2024-08-31 02:06:23', '$2y$12$GXczcrTCRLRIX2EXR4M/.ucGj9j5PXAFbqCpqBv8Es3fVhYozijSm', 'dYl1z1j0LZ', '2024-08-31 02:06:24', '2024-08-31 02:06:24'),
(31, 'Parker Bauch', 'ucollier@example.com', '2024-08-31 02:06:23', '$2y$12$GXczcrTCRLRIX2EXR4M/.ucGj9j5PXAFbqCpqBv8Es3fVhYozijSm', 'qFr4LGKJZF', '2024-08-31 02:06:24', '2024-08-31 02:06:24'),
(32, 'Barney Kilback IV', 'rowe.alex@example.net', '2024-08-31 02:06:23', '$2y$12$GXczcrTCRLRIX2EXR4M/.ucGj9j5PXAFbqCpqBv8Es3fVhYozijSm', 'UFIwDjX8S1', '2024-08-31 02:06:24', '2024-08-31 02:06:24'),
(34, 'Samson Schimmel', 'rosa66@example.org', '2024-08-31 02:24:12', '$2y$12$XARK04JdUxpKw7N2TG6w8.e2UrGz5c7duNkSza4NorEFrRnCFtBvC', 'KEN8ShDOQ3', '2024-08-31 02:24:12', '2024-08-31 02:24:12'),
(35, 'Kris Cartwright', 'danyka17@example.net', '2024-08-31 02:24:12', '$2y$12$XARK04JdUxpKw7N2TG6w8.e2UrGz5c7duNkSza4NorEFrRnCFtBvC', '5D5dRK2Gtf', '2024-08-31 02:24:12', '2024-08-31 02:24:12'),
(36, 'Monserrat Koepp', 'murray.muhammad@example.org', '2024-08-31 02:24:12', '$2y$12$XARK04JdUxpKw7N2TG6w8.e2UrGz5c7duNkSza4NorEFrRnCFtBvC', 'VINICfXVMr', '2024-08-31 02:24:12', '2024-08-31 02:24:12'),
(37, 'Conrad Beatty', 'heidi82@example.org', '2024-08-31 02:24:12', '$2y$12$XARK04JdUxpKw7N2TG6w8.e2UrGz5c7duNkSza4NorEFrRnCFtBvC', 'QYkWMe3kPK', '2024-08-31 02:24:12', '2024-08-31 02:24:12'),
(38, 'Mr. Milan Brekke Jr.', 'sofia.brown@example.net', '2024-08-31 02:24:12', '$2y$12$XARK04JdUxpKw7N2TG6w8.e2UrGz5c7duNkSza4NorEFrRnCFtBvC', 'dQKrlZd1i6', '2024-08-31 02:24:12', '2024-08-31 02:24:12'),
(39, 'Dr. Ronny Prohaska Jr.', 'emilia71@example.net', '2024-08-31 02:24:12', '$2y$12$XARK04JdUxpKw7N2TG6w8.e2UrGz5c7duNkSza4NorEFrRnCFtBvC', 'jJlNvtbC8n', '2024-08-31 02:24:12', '2024-08-31 02:24:12'),
(40, 'Mac Vandervort', 'lubowitz.andreane@example.org', '2024-08-31 02:24:12', '$2y$12$XARK04JdUxpKw7N2TG6w8.e2UrGz5c7duNkSza4NorEFrRnCFtBvC', 'U1F9x7dKfH', '2024-08-31 02:24:12', '2024-08-31 02:24:12'),
(41, 'Kristofer Feil', 'monique46@example.com', '2024-08-31 02:24:12', '$2y$12$XARK04JdUxpKw7N2TG6w8.e2UrGz5c7duNkSza4NorEFrRnCFtBvC', 'PiFpk4Yeps', '2024-08-31 02:24:12', '2024-08-31 02:24:12'),
(42, 'Dr. Amir Hodkiewicz PhD', 'greenfelder.camren@example.org', '2024-08-31 02:24:12', '$2y$12$XARK04JdUxpKw7N2TG6w8.e2UrGz5c7duNkSza4NorEFrRnCFtBvC', 'hMa86VXxcP', '2024-08-31 02:24:12', '2024-08-31 02:24:12'),
(43, 'Kayla Kreiger', 'hettinger.mia@example.net', '2024-08-31 02:24:12', '$2y$12$XARK04JdUxpKw7N2TG6w8.e2UrGz5c7duNkSza4NorEFrRnCFtBvC', 'dAGJ0RCwtc', '2024-08-31 02:24:12', '2024-08-31 02:24:12'),
(44, 'Prof. Jerrell Keeling IV', 'ystamm@example.net', '2024-08-31 02:24:12', '$2y$12$XARK04JdUxpKw7N2TG6w8.e2UrGz5c7duNkSza4NorEFrRnCFtBvC', '652cQFo9gC', '2024-08-31 02:24:12', '2024-08-31 02:24:12'),
(45, 'Jaeden Walker', 'shany.yundt@example.com', '2024-08-31 02:24:12', '$2y$12$XARK04JdUxpKw7N2TG6w8.e2UrGz5c7duNkSza4NorEFrRnCFtBvC', '6vNixLq0iC', '2024-08-31 02:24:12', '2024-08-31 02:24:12'),
(46, 'Birdie Paucek DDS', 'tre98@example.com', '2024-08-31 02:24:12', '$2y$12$XARK04JdUxpKw7N2TG6w8.e2UrGz5c7duNkSza4NorEFrRnCFtBvC', 'vHz976dPgF', '2024-08-31 02:24:12', '2024-08-31 02:24:12'),
(47, 'Mr. Nathanial Prohaska DVM', 'lindgren.carolyne@example.com', '2024-08-31 02:24:12', '$2y$12$XARK04JdUxpKw7N2TG6w8.e2UrGz5c7duNkSza4NorEFrRnCFtBvC', '5IechgeDS0', '2024-08-31 02:24:12', '2024-08-31 02:24:12'),
(48, 'Abigayle Wyman', 'mitchell.ally@example.net', '2024-08-31 02:24:12', '$2y$12$XARK04JdUxpKw7N2TG6w8.e2UrGz5c7duNkSza4NorEFrRnCFtBvC', 'VywCIP3n4D', '2024-08-31 02:24:12', '2024-08-31 02:24:12'),
(49, 'Alexandrea Stracke', 'pbayer@example.net', '2024-08-31 02:24:12', '$2y$12$XARK04JdUxpKw7N2TG6w8.e2UrGz5c7duNkSza4NorEFrRnCFtBvC', 'mJUBRH5FFm', '2024-08-31 02:24:12', '2024-08-31 02:24:12'),
(50, 'Thalia Moore', 'olen.dibbert@example.org', '2024-08-31 02:24:12', '$2y$12$XARK04JdUxpKw7N2TG6w8.e2UrGz5c7duNkSza4NorEFrRnCFtBvC', 'oeRegGmlsX', '2024-08-31 02:24:12', '2024-08-31 02:24:12'),
(51, 'Prof. Marley Johnson', 'erik.huel@example.net', '2024-08-31 02:24:12', '$2y$12$XARK04JdUxpKw7N2TG6w8.e2UrGz5c7duNkSza4NorEFrRnCFtBvC', 'KhZxBrFDvC', '2024-08-31 02:24:12', '2024-08-31 02:24:12'),
(52, 'Brain Balistreri', 'ikautzer@example.org', '2024-08-31 02:24:12', '$2y$12$XARK04JdUxpKw7N2TG6w8.e2UrGz5c7duNkSza4NorEFrRnCFtBvC', '4zSHkpNUVH', '2024-08-31 02:24:12', '2024-08-31 02:24:12'),
(53, 'Mr. Dawson Ward V', 'xklein@example.net', '2024-08-31 02:24:12', '$2y$12$XARK04JdUxpKw7N2TG6w8.e2UrGz5c7duNkSza4NorEFrRnCFtBvC', 'pv3fGGyaMG', '2024-08-31 02:24:12', '2024-08-31 02:24:12'),
(54, 'Mylene Schowalter', 'jeremy.walsh@example.org', '2024-08-31 02:24:12', '$2y$12$XARK04JdUxpKw7N2TG6w8.e2UrGz5c7duNkSza4NorEFrRnCFtBvC', 'OolefhXzpz', '2024-08-31 02:24:12', '2024-08-31 02:24:12'),
(55, 'Prof. Vickie Kertzmann Jr.', 'deonte.batz@example.net', '2024-08-31 02:24:12', '$2y$12$XARK04JdUxpKw7N2TG6w8.e2UrGz5c7duNkSza4NorEFrRnCFtBvC', 'SqEaNKu6KW', '2024-08-31 02:24:12', '2024-08-31 02:24:12'),
(56, 'Lamar Beatty', 'qkovacek@example.com', '2024-08-31 02:24:12', '$2y$12$XARK04JdUxpKw7N2TG6w8.e2UrGz5c7duNkSza4NorEFrRnCFtBvC', 'cxkyk7VWxA', '2024-08-31 02:24:12', '2024-08-31 02:24:12'),
(57, 'Jena Rolfson IV', 'francesco.oberbrunner@example.org', '2024-08-31 02:24:12', '$2y$12$XARK04JdUxpKw7N2TG6w8.e2UrGz5c7duNkSza4NorEFrRnCFtBvC', 'HdO2DM8ln9', '2024-08-31 02:24:12', '2024-08-31 02:24:12'),
(58, 'Lucas Kling', 'macy.green@example.org', '2024-08-31 02:24:12', '$2y$12$XARK04JdUxpKw7N2TG6w8.e2UrGz5c7duNkSza4NorEFrRnCFtBvC', 'c7qPmIqytq', '2024-08-31 02:24:12', '2024-08-31 02:24:12'),
(59, 'Macy Osinski', 'richard.predovic@example.net', '2024-08-31 02:24:12', '$2y$12$XARK04JdUxpKw7N2TG6w8.e2UrGz5c7duNkSza4NorEFrRnCFtBvC', 'FHu55QUcOk', '2024-08-31 02:24:12', '2024-08-31 02:24:12'),
(60, 'Prof. Warren Halvorson', 'zferry@example.com', '2024-08-31 02:24:12', '$2y$12$XARK04JdUxpKw7N2TG6w8.e2UrGz5c7duNkSza4NorEFrRnCFtBvC', 'K6FaFAg80K', '2024-08-31 02:24:12', '2024-08-31 02:24:12'),
(61, 'Alvera Feest', 'rico.ratke@example.com', '2024-08-31 02:24:12', '$2y$12$XARK04JdUxpKw7N2TG6w8.e2UrGz5c7duNkSza4NorEFrRnCFtBvC', 'R5xEoZZArs', '2024-08-31 02:24:12', '2024-08-31 02:24:12'),
(62, 'Dessie Orn', 'ykeeling@example.org', '2024-08-31 02:24:12', '$2y$12$XARK04JdUxpKw7N2TG6w8.e2UrGz5c7duNkSza4NorEFrRnCFtBvC', 'lLyQEt88SP', '2024-08-31 02:24:12', '2024-08-31 02:24:12'),
(63, 'Dell Prosacco', 'kelley.dietrich@example.com', '2024-08-31 02:24:12', '$2y$12$XARK04JdUxpKw7N2TG6w8.e2UrGz5c7duNkSza4NorEFrRnCFtBvC', 'ZgZ0SoAkeg', '2024-08-31 02:24:12', '2024-08-31 02:24:12'),
(64, 'Vena Mitchell', 'umayer@example.net', '2024-08-31 02:24:12', '$2y$12$XARK04JdUxpKw7N2TG6w8.e2UrGz5c7duNkSza4NorEFrRnCFtBvC', '45n4USS547', '2024-08-31 02:24:12', '2024-08-31 02:24:12'),
(65, 'Dr. Cletus Boyer IV', 'clockman@example.org', '2024-08-31 02:24:12', '$2y$12$XARK04JdUxpKw7N2TG6w8.e2UrGz5c7duNkSza4NorEFrRnCFtBvC', 'JCclossUlp', '2024-08-31 02:24:12', '2024-08-31 02:24:12'),
(66, 'Cleo Cummerata', 'mhuel@example.com', '2024-08-31 02:24:12', '$2y$12$XARK04JdUxpKw7N2TG6w8.e2UrGz5c7duNkSza4NorEFrRnCFtBvC', 'OAuRP22mAM', '2024-08-31 02:24:12', '2024-08-31 02:24:12'),
(67, 'Dr. Arely Heller', 'mhilpert@example.org', '2024-08-31 02:24:12', '$2y$12$XARK04JdUxpKw7N2TG6w8.e2UrGz5c7duNkSza4NorEFrRnCFtBvC', 'To2MawJuWO', '2024-08-31 02:24:12', '2024-08-31 02:24:12'),
(68, 'Pattie Haley', 'jodie.king@example.net', '2024-08-31 02:24:12', '$2y$12$XARK04JdUxpKw7N2TG6w8.e2UrGz5c7duNkSza4NorEFrRnCFtBvC', 'rmijOqlv8u', '2024-08-31 02:24:12', '2024-08-31 02:24:12'),
(69, 'Mara White', 'lgoodwin@example.org', '2024-08-31 02:24:12', '$2y$12$XARK04JdUxpKw7N2TG6w8.e2UrGz5c7duNkSza4NorEFrRnCFtBvC', 'TN1ti4iQoY', '2024-08-31 02:24:12', '2024-08-31 02:24:12'),
(70, 'Eileen Schuppe', 'meredith10@example.org', '2024-08-31 02:24:12', '$2y$12$XARK04JdUxpKw7N2TG6w8.e2UrGz5c7duNkSza4NorEFrRnCFtBvC', 'T1K6boORJn', '2024-08-31 02:24:12', '2024-08-31 02:24:12'),
(71, 'Trent Harvey', 'dgrimes@example.org', '2024-08-31 02:24:12', '$2y$12$XARK04JdUxpKw7N2TG6w8.e2UrGz5c7duNkSza4NorEFrRnCFtBvC', 'aHyHq5vj6V', '2024-08-31 02:24:12', '2024-08-31 02:24:12'),
(72, 'Velda Tremblay', 'frances.kozey@example.com', '2024-08-31 02:24:12', '$2y$12$XARK04JdUxpKw7N2TG6w8.e2UrGz5c7duNkSza4NorEFrRnCFtBvC', 'EpdEaZOtFz', '2024-08-31 02:24:12', '2024-08-31 02:24:12'),
(73, 'Lindsay Leuschke', 'gmills@example.com', '2024-08-31 02:24:12', '$2y$12$XARK04JdUxpKw7N2TG6w8.e2UrGz5c7duNkSza4NorEFrRnCFtBvC', 'KAqm9YUTD0', '2024-08-31 02:24:12', '2024-08-31 02:24:12'),
(74, 'Lawrence Russel', 'dallin.labadie@example.com', '2024-08-31 02:24:12', '$2y$12$XARK04JdUxpKw7N2TG6w8.e2UrGz5c7duNkSza4NorEFrRnCFtBvC', 'z8ujPfpnpx', '2024-08-31 02:24:12', '2024-08-31 02:24:12'),
(75, 'Elyssa Auer', 'wilfrid65@example.org', '2024-08-31 02:24:12', '$2y$12$XARK04JdUxpKw7N2TG6w8.e2UrGz5c7duNkSza4NorEFrRnCFtBvC', 'G8CXkFS3VL', '2024-08-31 02:24:12', '2024-08-31 02:24:12'),
(76, 'Adelbert Langworth III', 'uparker@example.org', '2024-08-31 02:24:12', '$2y$12$XARK04JdUxpKw7N2TG6w8.e2UrGz5c7duNkSza4NorEFrRnCFtBvC', '5tM5imF2Z4', '2024-08-31 02:24:12', '2024-08-31 02:24:12'),
(77, 'Miss Ofelia Herman Jr.', 'dicki.jonas@example.net', '2024-08-31 02:24:12', '$2y$12$XARK04JdUxpKw7N2TG6w8.e2UrGz5c7duNkSza4NorEFrRnCFtBvC', 'omyh3DBV87', '2024-08-31 02:24:12', '2024-08-31 02:24:12'),
(78, 'Mrs. Amie Howe DVM', 'wiegand.noble@example.net', '2024-08-31 02:24:12', '$2y$12$XARK04JdUxpKw7N2TG6w8.e2UrGz5c7duNkSza4NorEFrRnCFtBvC', 'TXbuSCjpRa', '2024-08-31 02:24:12', '2024-08-31 02:24:12'),
(79, 'Alfred Lehner', 'clare.boyer@example.org', '2024-08-31 02:24:12', '$2y$12$XARK04JdUxpKw7N2TG6w8.e2UrGz5c7duNkSza4NorEFrRnCFtBvC', 'FyAz4whEOh', '2024-08-31 02:24:12', '2024-08-31 02:24:12'),
(80, 'Alejandra Nicolas', 'ondricka.devin@example.org', '2024-08-31 02:24:12', '$2y$12$XARK04JdUxpKw7N2TG6w8.e2UrGz5c7duNkSza4NorEFrRnCFtBvC', 'KhL3eaHEBR', '2024-08-31 02:24:12', '2024-08-31 02:24:12'),
(81, 'Elmer West', 'luettgen.everardo@example.org', '2024-08-31 02:24:12', '$2y$12$XARK04JdUxpKw7N2TG6w8.e2UrGz5c7duNkSza4NorEFrRnCFtBvC', 'FsvdVhA6Kc', '2024-08-31 02:24:12', '2024-08-31 02:24:12'),
(82, 'Lola Champlin III', 'wlockman@example.net', '2024-08-31 02:24:12', '$2y$12$XARK04JdUxpKw7N2TG6w8.e2UrGz5c7duNkSza4NorEFrRnCFtBvC', 'OXpA04LN5g', '2024-08-31 02:24:12', '2024-08-31 02:24:12'),
(83, 'Mr. Damian White MD', 'adrian.emard@example.com', '2024-08-31 02:24:12', '$2y$12$XARK04JdUxpKw7N2TG6w8.e2UrGz5c7duNkSza4NorEFrRnCFtBvC', 'hJ8tWxARfr', '2024-08-31 02:24:12', '2024-08-31 02:24:12'),
(84, 'Gail Hayes Jr.', 'enrico02@example.org', '2024-08-31 02:24:12', '$2y$12$XARK04JdUxpKw7N2TG6w8.e2UrGz5c7duNkSza4NorEFrRnCFtBvC', 'ApV8mNsIk4', '2024-08-31 02:24:12', '2024-08-31 02:24:12'),
(85, 'Calista Abbott', 'emie11@example.org', '2024-08-31 02:24:12', '$2y$12$XARK04JdUxpKw7N2TG6w8.e2UrGz5c7duNkSza4NorEFrRnCFtBvC', '6qLVkUYa3c', '2024-08-31 02:24:12', '2024-08-31 02:24:12'),
(86, 'Rose Zemlak', 'dangelo.thompson@example.org', '2024-08-31 02:24:12', '$2y$12$XARK04JdUxpKw7N2TG6w8.e2UrGz5c7duNkSza4NorEFrRnCFtBvC', 'vLOzMuYY6s', '2024-08-31 02:24:12', '2024-08-31 02:24:12'),
(87, 'Karelle Schroeder', 'kaylah01@example.net', '2024-08-31 02:24:12', '$2y$12$XARK04JdUxpKw7N2TG6w8.e2UrGz5c7duNkSza4NorEFrRnCFtBvC', '9jZ8Bep9kT', '2024-08-31 02:24:12', '2024-08-31 02:24:12'),
(88, 'Mr. Jordi Miller II', 'monahan.jaron@example.org', '2024-08-31 02:24:12', '$2y$12$XARK04JdUxpKw7N2TG6w8.e2UrGz5c7duNkSza4NorEFrRnCFtBvC', 'PvX3d18E09', '2024-08-31 02:24:12', '2024-08-31 02:24:12'),
(89, 'Jordyn Leffler', 'howe.luther@example.com', '2024-08-31 02:24:12', '$2y$12$XARK04JdUxpKw7N2TG6w8.e2UrGz5c7duNkSza4NorEFrRnCFtBvC', 'TI58qFeuqu', '2024-08-31 02:24:12', '2024-08-31 02:24:12'),
(90, 'Jorge Denesik', 'malika.bernhard@example.com', '2024-08-31 02:24:12', '$2y$12$XARK04JdUxpKw7N2TG6w8.e2UrGz5c7duNkSza4NorEFrRnCFtBvC', '4DbqFlXvph', '2024-08-31 02:24:12', '2024-08-31 02:24:12'),
(91, 'Maggie Hand', 'thaddeus04@example.net', '2024-08-31 02:24:12', '$2y$12$XARK04JdUxpKw7N2TG6w8.e2UrGz5c7duNkSza4NorEFrRnCFtBvC', 'YAXuZdBLAP', '2024-08-31 02:24:12', '2024-08-31 02:24:12'),
(92, 'Marcelo Mayer', 'sauer.guiseppe@example.org', '2024-08-31 02:24:12', '$2y$12$XARK04JdUxpKw7N2TG6w8.e2UrGz5c7duNkSza4NorEFrRnCFtBvC', 'ey8SX9EMA8', '2024-08-31 02:24:12', '2024-08-31 02:24:12'),
(93, 'Dr. Eladio McLaughlin', 'yaltenwerth@example.net', '2024-08-31 02:24:12', '$2y$12$XARK04JdUxpKw7N2TG6w8.e2UrGz5c7duNkSza4NorEFrRnCFtBvC', 'C4CvDKOGoB', '2024-08-31 02:24:12', '2024-08-31 02:24:12'),
(94, 'Reynold Paucek', 'pnader@example.org', '2024-08-31 02:24:12', '$2y$12$XARK04JdUxpKw7N2TG6w8.e2UrGz5c7duNkSza4NorEFrRnCFtBvC', 'SnOVxNmBnP', '2024-08-31 02:24:12', '2024-08-31 02:24:12'),
(95, 'Joany Anderson', 'cremin.maeve@example.org', '2024-08-31 02:24:12', '$2y$12$XARK04JdUxpKw7N2TG6w8.e2UrGz5c7duNkSza4NorEFrRnCFtBvC', 'GSQpmGGWlh', '2024-08-31 02:24:12', '2024-08-31 02:24:12'),
(96, 'Kurt Hackett', 'bauch.rusty@example.org', '2024-08-31 02:24:12', '$2y$12$XARK04JdUxpKw7N2TG6w8.e2UrGz5c7duNkSza4NorEFrRnCFtBvC', 'cQif5t1wTo', '2024-08-31 02:24:12', '2024-08-31 02:24:12'),
(97, 'Myriam Kuvalis', 'arden01@example.net', '2024-08-31 02:24:12', '$2y$12$XARK04JdUxpKw7N2TG6w8.e2UrGz5c7duNkSza4NorEFrRnCFtBvC', 'LdZwL0XRoQ', '2024-08-31 02:24:12', '2024-08-31 02:24:12'),
(98, 'Sydney Schulist IV', 'emard.preston@example.net', '2024-08-31 02:24:12', '$2y$12$XARK04JdUxpKw7N2TG6w8.e2UrGz5c7duNkSza4NorEFrRnCFtBvC', 'CsPjbmT9cl', '2024-08-31 02:24:12', '2024-08-31 02:24:12'),
(99, 'Prof. Shawn Mohr', 'xbode@example.net', '2024-08-31 02:24:12', '$2y$12$XARK04JdUxpKw7N2TG6w8.e2UrGz5c7duNkSza4NorEFrRnCFtBvC', 'fPY5Sjud3X', '2024-08-31 02:24:12', '2024-08-31 02:24:12'),
(100, 'Fae Fisher', 'shayna70@example.net', '2024-08-31 02:24:12', '$2y$12$XARK04JdUxpKw7N2TG6w8.e2UrGz5c7duNkSza4NorEFrRnCFtBvC', 't78xFhCIUd', '2024-08-31 02:24:12', '2024-08-31 02:24:12'),
(101, 'Ms. Rowena Hand', 'kkerluke@example.net', '2024-08-31 02:24:12', '$2y$12$XARK04JdUxpKw7N2TG6w8.e2UrGz5c7duNkSza4NorEFrRnCFtBvC', 'vtctymQbzH', '2024-08-31 02:24:12', '2024-08-31 02:24:12'),
(102, 'Ms. Trudie Shanahan IV', 'rashad04@example.org', '2024-08-31 02:24:12', '$2y$12$XARK04JdUxpKw7N2TG6w8.e2UrGz5c7duNkSza4NorEFrRnCFtBvC', 'e4oiaH0AQk', '2024-08-31 02:24:12', '2024-08-31 02:24:12'),
(103, 'Terrence Schumm', 'nolan.joanie@example.org', '2024-08-31 02:24:12', '$2y$12$XARK04JdUxpKw7N2TG6w8.e2UrGz5c7duNkSza4NorEFrRnCFtBvC', 'uJepdewSGW', '2024-08-31 02:24:12', '2024-08-31 02:24:12'),
(104, 'Wilma Hoeger', 'kian.cummerata@example.com', '2024-08-31 02:24:12', '$2y$12$XARK04JdUxpKw7N2TG6w8.e2UrGz5c7duNkSza4NorEFrRnCFtBvC', '3N8Qv1wlgm', '2024-08-31 02:24:12', '2024-08-31 02:24:12'),
(105, 'Kaya Wehner', 'hickle.marguerite@example.org', '2024-08-31 02:24:12', '$2y$12$XARK04JdUxpKw7N2TG6w8.e2UrGz5c7duNkSza4NorEFrRnCFtBvC', 'umGIG7O8Zu', '2024-08-31 02:24:12', '2024-08-31 02:24:12'),
(106, 'Miss Gladyce Walsh', 'yking@example.org', '2024-08-31 02:24:12', '$2y$12$XARK04JdUxpKw7N2TG6w8.e2UrGz5c7duNkSza4NorEFrRnCFtBvC', 'nUKBmXtgap', '2024-08-31 02:24:12', '2024-08-31 02:24:12'),
(107, 'Stacey Baumbach', 'kris50@example.org', '2024-08-31 02:24:12', '$2y$12$XARK04JdUxpKw7N2TG6w8.e2UrGz5c7duNkSza4NorEFrRnCFtBvC', '22bD2xApxL', '2024-08-31 02:24:12', '2024-08-31 02:24:12'),
(108, 'Sheila Aufderhar DVM', 'athena96@example.org', '2024-08-31 02:24:12', '$2y$12$XARK04JdUxpKw7N2TG6w8.e2UrGz5c7duNkSza4NorEFrRnCFtBvC', 'GPRHee4f2K', '2024-08-31 02:24:12', '2024-08-31 02:24:12'),
(109, 'Nils Haley III', 'darian.wisozk@example.com', '2024-08-31 02:25:44', '$2y$12$hrDud8d978xBkTHzNsl5T.bgIkDxw.ldhw0bguwNxm/0j.nfvn/Li', 'rpFlaYQyxU', '2024-08-31 02:25:44', '2024-08-31 02:25:44'),
(110, 'Haskell Hahn', 'elian65@example.net', '2024-08-31 02:25:44', '$2y$12$hrDud8d978xBkTHzNsl5T.bgIkDxw.ldhw0bguwNxm/0j.nfvn/Li', 'ImC7mBVP4f', '2024-08-31 02:25:44', '2024-08-31 02:25:44'),
(111, 'Celestino Gulgowski', 'hilpert.ally@example.org', '2024-08-31 02:25:44', '$2y$12$hrDud8d978xBkTHzNsl5T.bgIkDxw.ldhw0bguwNxm/0j.nfvn/Li', 'FT5xSI79JH', '2024-08-31 02:25:44', '2024-08-31 02:25:44'),
(112, 'Renee Gutkowski', 'lehner.bernardo@example.com', '2024-08-31 02:25:44', '$2y$12$hrDud8d978xBkTHzNsl5T.bgIkDxw.ldhw0bguwNxm/0j.nfvn/Li', '5j6tlXAAZv', '2024-08-31 02:25:44', '2024-08-31 02:25:44'),
(113, 'Prof. Drake Leuschke', 'klein.estell@example.org', '2024-08-31 02:25:44', '$2y$12$hrDud8d978xBkTHzNsl5T.bgIkDxw.ldhw0bguwNxm/0j.nfvn/Li', 'ojG4ijqunn', '2024-08-31 02:25:44', '2024-08-31 02:25:44'),
(114, 'Dr. Karelle Blick', 'iheidenreich@example.net', '2024-08-31 02:25:44', '$2y$12$hrDud8d978xBkTHzNsl5T.bgIkDxw.ldhw0bguwNxm/0j.nfvn/Li', 'NIJfbdSGzg', '2024-08-31 02:25:44', '2024-08-31 02:25:44'),
(115, 'Prof. Mariela Murazik', 'ngreenholt@example.net', '2024-08-31 02:25:44', '$2y$12$hrDud8d978xBkTHzNsl5T.bgIkDxw.ldhw0bguwNxm/0j.nfvn/Li', 'nWlA8UUjtl', '2024-08-31 02:25:44', '2024-08-31 02:25:44'),
(116, 'Mrs. Zora Sanford', 'vkonopelski@example.org', '2024-08-31 02:25:44', '$2y$12$hrDud8d978xBkTHzNsl5T.bgIkDxw.ldhw0bguwNxm/0j.nfvn/Li', 'g46lHTgU4J', '2024-08-31 02:25:44', '2024-08-31 02:25:44'),
(117, 'Stanton Stiedemann DVM', 'madison.muller@example.com', '2024-08-31 02:25:44', '$2y$12$hrDud8d978xBkTHzNsl5T.bgIkDxw.ldhw0bguwNxm/0j.nfvn/Li', 'tGmLdg5Eqn', '2024-08-31 02:25:44', '2024-08-31 02:25:44'),
(118, 'Daniela Medhurst', 'lang.suzanne@example.com', '2024-08-31 02:25:44', '$2y$12$hrDud8d978xBkTHzNsl5T.bgIkDxw.ldhw0bguwNxm/0j.nfvn/Li', 'TR8rnd8Awh', '2024-08-31 02:25:44', '2024-08-31 02:25:44'),
(119, 'Keaton Champlin', 'murphy.sven@example.com', '2024-08-31 02:25:44', '$2y$12$hrDud8d978xBkTHzNsl5T.bgIkDxw.ldhw0bguwNxm/0j.nfvn/Li', 'uzKYdr41yv', '2024-08-31 02:25:44', '2024-08-31 02:25:44'),
(120, 'Dr. Derrick Bechtelar I', 'obernhard@example.com', '2024-08-31 02:25:44', '$2y$12$hrDud8d978xBkTHzNsl5T.bgIkDxw.ldhw0bguwNxm/0j.nfvn/Li', 'aeV7My82w0', '2024-08-31 02:25:44', '2024-08-31 02:25:44'),
(121, 'Prof. June Stamm', 'mann.katelynn@example.org', '2024-08-31 02:25:44', '$2y$12$hrDud8d978xBkTHzNsl5T.bgIkDxw.ldhw0bguwNxm/0j.nfvn/Li', 'SSbKbC4R8z', '2024-08-31 02:25:44', '2024-08-31 02:25:44'),
(122, 'Bridgette Cartwright', 'boehm.cleta@example.net', '2024-08-31 02:25:44', '$2y$12$hrDud8d978xBkTHzNsl5T.bgIkDxw.ldhw0bguwNxm/0j.nfvn/Li', 'DR3zTCEJk9', '2024-08-31 02:25:44', '2024-08-31 02:25:44'),
(123, 'Armand Morissette', 'fhettinger@example.com', '2024-08-31 02:25:44', '$2y$12$hrDud8d978xBkTHzNsl5T.bgIkDxw.ldhw0bguwNxm/0j.nfvn/Li', 'VtijFVTycS', '2024-08-31 02:25:44', '2024-08-31 02:25:44'),
(124, 'Ellie Feil', 'yskiles@example.com', '2024-08-31 02:25:44', '$2y$12$hrDud8d978xBkTHzNsl5T.bgIkDxw.ldhw0bguwNxm/0j.nfvn/Li', 'K0JmYtnBmX', '2024-08-31 02:25:44', '2024-08-31 02:25:44'),
(125, 'Rhiannon Hoeger PhD', 'grant.jasper@example.com', '2024-08-31 02:25:44', '$2y$12$hrDud8d978xBkTHzNsl5T.bgIkDxw.ldhw0bguwNxm/0j.nfvn/Li', 'IyfpmjiB79', '2024-08-31 02:25:44', '2024-08-31 02:25:44'),
(126, 'Silas Gerlach', 'adeckow@example.org', '2024-08-31 02:25:44', '$2y$12$hrDud8d978xBkTHzNsl5T.bgIkDxw.ldhw0bguwNxm/0j.nfvn/Li', 'xrfhIUQTbk', '2024-08-31 02:25:44', '2024-08-31 02:25:44'),
(127, 'Jazmyne White', 'little.aaron@example.org', '2024-08-31 02:25:44', '$2y$12$hrDud8d978xBkTHzNsl5T.bgIkDxw.ldhw0bguwNxm/0j.nfvn/Li', 'psXEsIJBYq', '2024-08-31 02:25:44', '2024-08-31 02:25:44'),
(128, 'Burley McClure Sr.', 'hailey.ritchie@example.com', '2024-08-31 02:25:44', '$2y$12$hrDud8d978xBkTHzNsl5T.bgIkDxw.ldhw0bguwNxm/0j.nfvn/Li', 'mzqbJgcQY9', '2024-08-31 02:25:44', '2024-08-31 02:25:44'),
(129, 'Mr. Anastacio Klein', 'myrna48@example.net', '2024-08-31 02:25:44', '$2y$12$hrDud8d978xBkTHzNsl5T.bgIkDxw.ldhw0bguwNxm/0j.nfvn/Li', 'fVMBaCWj0K', '2024-08-31 02:25:44', '2024-08-31 02:25:44'),
(130, 'Mr. Lonny Stoltenberg', 'lkrajcik@example.net', '2024-08-31 02:25:44', '$2y$12$hrDud8d978xBkTHzNsl5T.bgIkDxw.ldhw0bguwNxm/0j.nfvn/Li', '5sbYRLy5t4', '2024-08-31 02:25:44', '2024-08-31 02:25:44'),
(131, 'Prof. Emmanuel Harris II', 'helga15@example.com', '2024-08-31 02:25:44', '$2y$12$hrDud8d978xBkTHzNsl5T.bgIkDxw.ldhw0bguwNxm/0j.nfvn/Li', 'AAmCfo16a9', '2024-08-31 02:25:44', '2024-08-31 02:25:44'),
(132, 'Miss Sunny Padberg III', 'wilderman.josh@example.org', '2024-08-31 02:25:44', '$2y$12$hrDud8d978xBkTHzNsl5T.bgIkDxw.ldhw0bguwNxm/0j.nfvn/Li', 'wP0DXZ0YtH', '2024-08-31 02:25:44', '2024-08-31 02:25:44'),
(133, 'Dr. Amya Waelchi', 'wleuschke@example.org', '2024-08-31 02:25:44', '$2y$12$hrDud8d978xBkTHzNsl5T.bgIkDxw.ldhw0bguwNxm/0j.nfvn/Li', 'POJ7dz6PKc', '2024-08-31 02:25:44', '2024-08-31 02:25:44'),
(134, 'Orval Zulauf', 'zena49@example.com', '2024-08-31 02:25:44', '$2y$12$hrDud8d978xBkTHzNsl5T.bgIkDxw.ldhw0bguwNxm/0j.nfvn/Li', 'pgt4v7pumI', '2024-08-31 02:25:44', '2024-08-31 02:25:44'),
(135, 'Cordia Zieme', 'tito53@example.org', '2024-08-31 02:25:44', '$2y$12$hrDud8d978xBkTHzNsl5T.bgIkDxw.ldhw0bguwNxm/0j.nfvn/Li', 'QzHjbNdNmF', '2024-08-31 02:25:44', '2024-08-31 02:25:44'),
(136, 'Mrs. June Hodkiewicz II', 'michelle98@example.net', '2024-08-31 02:25:44', '$2y$12$hrDud8d978xBkTHzNsl5T.bgIkDxw.ldhw0bguwNxm/0j.nfvn/Li', 'SjZIGUmp6j', '2024-08-31 02:25:44', '2024-08-31 02:25:44'),
(137, 'Mrs. Georgianna Hegmann', 'jacobs.missouri@example.com', '2024-08-31 02:25:44', '$2y$12$hrDud8d978xBkTHzNsl5T.bgIkDxw.ldhw0bguwNxm/0j.nfvn/Li', 'O0u9XzWMQ5', '2024-08-31 02:25:44', '2024-08-31 02:25:44'),
(138, 'Mrs. Jalyn Johns', 'bode.therese@example.com', '2024-08-31 02:25:44', '$2y$12$hrDud8d978xBkTHzNsl5T.bgIkDxw.ldhw0bguwNxm/0j.nfvn/Li', 'NkviQioZyG', '2024-08-31 02:25:44', '2024-08-31 02:25:44'),
(139, 'Dr. Darian Parisian MD', 'pagac.marge@example.net', '2024-08-31 02:25:44', '$2y$12$hrDud8d978xBkTHzNsl5T.bgIkDxw.ldhw0bguwNxm/0j.nfvn/Li', 'TYdYfMma3z', '2024-08-31 02:25:44', '2024-08-31 02:25:44'),
(140, 'Mrs. Eloise Sanford Jr.', 'jsipes@example.net', '2024-08-31 02:25:44', '$2y$12$hrDud8d978xBkTHzNsl5T.bgIkDxw.ldhw0bguwNxm/0j.nfvn/Li', 'REUjl8a6N0', '2024-08-31 02:25:44', '2024-08-31 02:25:44'),
(141, 'Mrs. Janessa Turcotte DDS', 'carroll.leannon@example.com', '2024-08-31 02:25:44', '$2y$12$hrDud8d978xBkTHzNsl5T.bgIkDxw.ldhw0bguwNxm/0j.nfvn/Li', 'wCnvRuQYxP', '2024-08-31 02:25:44', '2024-08-31 02:25:44'),
(142, 'Prof. Edwardo Heller III', 'watsica.kelley@example.org', '2024-08-31 02:25:44', '$2y$12$hrDud8d978xBkTHzNsl5T.bgIkDxw.ldhw0bguwNxm/0j.nfvn/Li', 'iv4B3GuFnB', '2024-08-31 02:25:44', '2024-08-31 02:25:44'),
(143, 'Letitia Huel', 'kieran.murphy@example.com', '2024-08-31 02:25:44', '$2y$12$hrDud8d978xBkTHzNsl5T.bgIkDxw.ldhw0bguwNxm/0j.nfvn/Li', 'nEcbqQmhIE', '2024-08-31 02:25:44', '2024-08-31 02:25:44'),
(144, 'Celestino Stark', 'praynor@example.org', '2024-08-31 02:25:44', '$2y$12$hrDud8d978xBkTHzNsl5T.bgIkDxw.ldhw0bguwNxm/0j.nfvn/Li', 'vyXstCjZDI', '2024-08-31 02:25:44', '2024-08-31 02:25:44'),
(145, 'Nedra Bruen PhD', 'wbotsford@example.org', '2024-08-31 02:25:44', '$2y$12$hrDud8d978xBkTHzNsl5T.bgIkDxw.ldhw0bguwNxm/0j.nfvn/Li', '9lDqGKS0le', '2024-08-31 02:25:44', '2024-08-31 02:25:44'),
(146, 'Miss Maida Runte', 'jacobi.green@example.org', '2024-08-31 02:25:44', '$2y$12$hrDud8d978xBkTHzNsl5T.bgIkDxw.ldhw0bguwNxm/0j.nfvn/Li', 'DB4RCRXK9t', '2024-08-31 02:25:44', '2024-08-31 02:25:44'),
(147, 'Janelle Fisher', 'iziemann@example.com', '2024-08-31 02:25:44', '$2y$12$hrDud8d978xBkTHzNsl5T.bgIkDxw.ldhw0bguwNxm/0j.nfvn/Li', 'GjvWCMOnTp', '2024-08-31 02:25:44', '2024-08-31 02:25:44'),
(148, 'Vance Conn', 'trice@example.net', '2024-08-31 02:25:44', '$2y$12$hrDud8d978xBkTHzNsl5T.bgIkDxw.ldhw0bguwNxm/0j.nfvn/Li', 'GqvWWV3WWl', '2024-08-31 02:25:44', '2024-08-31 02:25:44'),
(149, 'Ms. Mattie Lindgren II', 'wcronin@example.org', '2024-08-31 02:25:44', '$2y$12$hrDud8d978xBkTHzNsl5T.bgIkDxw.ldhw0bguwNxm/0j.nfvn/Li', 'BeLojYSikg', '2024-08-31 02:25:44', '2024-08-31 02:25:44'),
(150, 'Pamela Smitham', 'eabernathy@example.com', '2024-08-31 02:25:44', '$2y$12$hrDud8d978xBkTHzNsl5T.bgIkDxw.ldhw0bguwNxm/0j.nfvn/Li', 'KEbnhV8ph8', '2024-08-31 02:25:44', '2024-08-31 02:25:44'),
(151, 'Scarlett Lindgren', 'angeline82@example.net', '2024-08-31 02:25:44', '$2y$12$hrDud8d978xBkTHzNsl5T.bgIkDxw.ldhw0bguwNxm/0j.nfvn/Li', 'hsMrH7kqoQ', '2024-08-31 02:25:44', '2024-08-31 02:25:44'),
(152, 'Citlalli Treutel', 'jacquelyn.douglas@example.org', '2024-08-31 02:25:44', '$2y$12$hrDud8d978xBkTHzNsl5T.bgIkDxw.ldhw0bguwNxm/0j.nfvn/Li', 'ikQNpatQKk', '2024-08-31 02:25:44', '2024-08-31 02:25:44'),
(153, 'Cody Berge', 'jaskolski.deonte@example.org', '2024-08-31 02:25:44', '$2y$12$hrDud8d978xBkTHzNsl5T.bgIkDxw.ldhw0bguwNxm/0j.nfvn/Li', 'ZaQegVRylS', '2024-08-31 02:25:44', '2024-08-31 02:25:44'),
(154, 'Prof. Drake Kertzmann', 'alangosh@example.com', '2024-08-31 02:25:44', '$2y$12$hrDud8d978xBkTHzNsl5T.bgIkDxw.ldhw0bguwNxm/0j.nfvn/Li', 'sLOnTEFSoz', '2024-08-31 02:25:44', '2024-08-31 02:25:44'),
(155, 'Dr. Marie Zemlak IV', 'hartmann.leopold@example.org', '2024-08-31 02:25:44', '$2y$12$hrDud8d978xBkTHzNsl5T.bgIkDxw.ldhw0bguwNxm/0j.nfvn/Li', 'QzR71HPOcH', '2024-08-31 02:25:44', '2024-08-31 02:25:44'),
(156, 'Baby Rolfson', 'verner.lemke@example.org', '2024-08-31 02:25:44', '$2y$12$hrDud8d978xBkTHzNsl5T.bgIkDxw.ldhw0bguwNxm/0j.nfvn/Li', 'IolxYkXlee', '2024-08-31 02:25:44', '2024-08-31 02:25:44'),
(157, 'Dan Hill', 'elmore.ankunding@example.com', '2024-08-31 02:25:44', '$2y$12$hrDud8d978xBkTHzNsl5T.bgIkDxw.ldhw0bguwNxm/0j.nfvn/Li', '5yOneot5br', '2024-08-31 02:25:44', '2024-08-31 02:25:44'),
(158, 'Ms. Heaven Mayert', 'ted90@example.com', '2024-08-31 02:25:44', '$2y$12$hrDud8d978xBkTHzNsl5T.bgIkDxw.ldhw0bguwNxm/0j.nfvn/Li', 'fCyQncWBXJ', '2024-08-31 02:25:44', '2024-08-31 02:25:44'),
(159, 'Dr. Harmon Sporer Sr.', 'jackie.leannon@example.com', '2024-08-31 02:25:44', '$2y$12$hrDud8d978xBkTHzNsl5T.bgIkDxw.ldhw0bguwNxm/0j.nfvn/Li', 'zEeyn5Rcvx', '2024-08-31 02:25:44', '2024-08-31 02:25:44'),
(160, 'Richard Zieme', 'xkunde@example.net', '2024-08-31 02:25:44', '$2y$12$hrDud8d978xBkTHzNsl5T.bgIkDxw.ldhw0bguwNxm/0j.nfvn/Li', 'i3LJj4Blwk', '2024-08-31 02:25:44', '2024-08-31 02:25:44'),
(161, 'Sage Schulist', 'rippin.duane@example.org', '2024-08-31 02:25:44', '$2y$12$hrDud8d978xBkTHzNsl5T.bgIkDxw.ldhw0bguwNxm/0j.nfvn/Li', 'ntPuhxsXaC', '2024-08-31 02:25:44', '2024-08-31 02:25:44'),
(162, 'Barrett Gibson DVM', 'marilyne.cassin@example.org', '2024-08-31 02:25:44', '$2y$12$hrDud8d978xBkTHzNsl5T.bgIkDxw.ldhw0bguwNxm/0j.nfvn/Li', 'BfEMILNFTm', '2024-08-31 02:25:44', '2024-08-31 02:25:44'),
(163, 'Manuel Lubowitz', 'hboyle@example.com', '2024-08-31 02:25:44', '$2y$12$hrDud8d978xBkTHzNsl5T.bgIkDxw.ldhw0bguwNxm/0j.nfvn/Li', 'vveGShkEnj', '2024-08-31 02:25:44', '2024-08-31 02:25:44'),
(164, 'Jefferey Kreiger', 'manuel16@example.org', '2024-08-31 02:25:44', '$2y$12$hrDud8d978xBkTHzNsl5T.bgIkDxw.ldhw0bguwNxm/0j.nfvn/Li', 'y3Z12R1Wyq', '2024-08-31 02:25:44', '2024-08-31 02:25:44'),
(165, 'Harrison Prosacco', 'lourdes30@example.com', '2024-08-31 02:25:44', '$2y$12$hrDud8d978xBkTHzNsl5T.bgIkDxw.ldhw0bguwNxm/0j.nfvn/Li', 'qrqiUIuZS7', '2024-08-31 02:25:44', '2024-08-31 02:25:44'),
(166, 'Jeff Schmeler', 'teresa10@example.net', '2024-08-31 02:25:44', '$2y$12$hrDud8d978xBkTHzNsl5T.bgIkDxw.ldhw0bguwNxm/0j.nfvn/Li', 'MogSFU9Odm', '2024-08-31 02:25:44', '2024-08-31 02:25:44'),
(167, 'Paige Bosco Sr.', 'everett.nolan@example.net', '2024-08-31 02:25:44', '$2y$12$hrDud8d978xBkTHzNsl5T.bgIkDxw.ldhw0bguwNxm/0j.nfvn/Li', 'l1ScFiI3mI', '2024-08-31 02:25:44', '2024-08-31 02:25:44'),
(168, 'Mrs. Alysha Gerhold', 'mbechtelar@example.net', '2024-08-31 02:25:44', '$2y$12$hrDud8d978xBkTHzNsl5T.bgIkDxw.ldhw0bguwNxm/0j.nfvn/Li', 'GGvqAJcsWy', '2024-08-31 02:25:44', '2024-08-31 02:25:44'),
(169, 'Faye Upton I', 'colin96@example.com', '2024-08-31 02:25:44', '$2y$12$hrDud8d978xBkTHzNsl5T.bgIkDxw.ldhw0bguwNxm/0j.nfvn/Li', 'pmivRS6FzV', '2024-08-31 02:25:44', '2024-08-31 02:25:44'),
(170, 'Carmela Mitchell', 'roxane91@example.net', '2024-08-31 02:25:44', '$2y$12$hrDud8d978xBkTHzNsl5T.bgIkDxw.ldhw0bguwNxm/0j.nfvn/Li', 'XhTCUwsXmR', '2024-08-31 02:25:44', '2024-08-31 02:25:44'),
(171, 'Walton Muller V', 'sabryna98@example.net', '2024-08-31 02:25:44', '$2y$12$hrDud8d978xBkTHzNsl5T.bgIkDxw.ldhw0bguwNxm/0j.nfvn/Li', '6h4RVxdBM1', '2024-08-31 02:25:44', '2024-08-31 02:25:44'),
(172, 'Ms. Kristin Kohler PhD', 'kelton94@example.com', '2024-08-31 02:25:44', '$2y$12$hrDud8d978xBkTHzNsl5T.bgIkDxw.ldhw0bguwNxm/0j.nfvn/Li', 'AIdWjwnRO0', '2024-08-31 02:25:44', '2024-08-31 02:25:44'),
(173, 'Nona Ritchie DVM', 'genevieve06@example.com', '2024-08-31 02:25:44', '$2y$12$hrDud8d978xBkTHzNsl5T.bgIkDxw.ldhw0bguwNxm/0j.nfvn/Li', 'icFuuhISu3', '2024-08-31 02:25:44', '2024-08-31 02:25:44'),
(174, 'Rubie Torphy', 'elinor83@example.org', '2024-08-31 02:25:44', '$2y$12$hrDud8d978xBkTHzNsl5T.bgIkDxw.ldhw0bguwNxm/0j.nfvn/Li', 'cltqM71XYb', '2024-08-31 02:25:44', '2024-08-31 02:25:44'),
(175, 'Dayana Ruecker Sr.', 'janelle54@example.net', '2024-08-31 02:25:44', '$2y$12$hrDud8d978xBkTHzNsl5T.bgIkDxw.ldhw0bguwNxm/0j.nfvn/Li', 'g53oEGKcC7', '2024-08-31 02:25:44', '2024-08-31 02:25:44'),
(176, 'Felicity Stamm', 'cali.king@example.net', '2024-08-31 02:25:44', '$2y$12$hrDud8d978xBkTHzNsl5T.bgIkDxw.ldhw0bguwNxm/0j.nfvn/Li', 'VWT2WBWovm', '2024-08-31 02:25:44', '2024-08-31 02:25:44'),
(177, 'Prof. Ines Koelpin I', 'chaya.hahn@example.com', '2024-08-31 02:25:44', '$2y$12$hrDud8d978xBkTHzNsl5T.bgIkDxw.ldhw0bguwNxm/0j.nfvn/Li', 'el9y9mmEAz', '2024-08-31 02:25:44', '2024-08-31 02:25:44'),
(178, 'Kade Deckow Sr.', 'emmerich.shanna@example.com', '2024-08-31 02:25:44', '$2y$12$hrDud8d978xBkTHzNsl5T.bgIkDxw.ldhw0bguwNxm/0j.nfvn/Li', 'ncLPFH2I0f', '2024-08-31 02:25:44', '2024-08-31 02:25:44'),
(179, 'Kevon Kautzer', 'penelope51@example.net', '2024-08-31 02:25:44', '$2y$12$hrDud8d978xBkTHzNsl5T.bgIkDxw.ldhw0bguwNxm/0j.nfvn/Li', 'urreVc5O6k', '2024-08-31 02:25:44', '2024-08-31 02:25:44'),
(180, 'Piper Pollich', 'oceane.kuvalis@example.org', '2024-08-31 02:25:44', '$2y$12$hrDud8d978xBkTHzNsl5T.bgIkDxw.ldhw0bguwNxm/0j.nfvn/Li', 'pf58d6S4Pq', '2024-08-31 02:25:44', '2024-08-31 02:25:44'),
(181, 'Javier Toy', 'ashlynn39@example.net', '2024-08-31 02:25:44', '$2y$12$hrDud8d978xBkTHzNsl5T.bgIkDxw.ldhw0bguwNxm/0j.nfvn/Li', 'GU5XjDfqHc', '2024-08-31 02:25:44', '2024-08-31 02:25:44'),
(182, 'Brianne Green III', 'hintz.desiree@example.org', '2024-08-31 02:25:44', '$2y$12$hrDud8d978xBkTHzNsl5T.bgIkDxw.ldhw0bguwNxm/0j.nfvn/Li', 'FRYAnnZoMn', '2024-08-31 02:25:44', '2024-08-31 02:25:44'),
(183, 'Hertha Rippin', 'selena62@example.net', '2024-08-31 02:25:44', '$2y$12$hrDud8d978xBkTHzNsl5T.bgIkDxw.ldhw0bguwNxm/0j.nfvn/Li', 'AJXh63pwJq', '2024-08-31 02:25:44', '2024-08-31 02:25:44'),
(184, 'Dante Feil DDS', 'gladyce18@example.com', '2024-08-31 04:02:58', '$2y$12$1ovck170ST6BIFEFMpOGFuI.KjUJEdyzIJCOzHTjgfjTevyGS.VxS', 'QMDEsl56S6', '2024-08-31 04:02:58', '2024-08-31 04:02:58'),
(185, 'Dr. Camden Stamm', 'marjory.fisher@example.org', '2024-08-31 04:02:58', '$2y$12$1ovck170ST6BIFEFMpOGFuI.KjUJEdyzIJCOzHTjgfjTevyGS.VxS', 'ueez4qr6tY', '2024-08-31 04:02:58', '2024-08-31 04:02:58'),
(186, 'Delmer Mayert', 'yrutherford@example.net', '2024-08-31 04:02:58', '$2y$12$1ovck170ST6BIFEFMpOGFuI.KjUJEdyzIJCOzHTjgfjTevyGS.VxS', 'tRirjj5vjU', '2024-08-31 04:02:58', '2024-08-31 04:02:58'),
(187, 'Jeffry Ondricka', 'schowalter.ahmed@example.com', '2024-08-31 04:02:58', '$2y$12$1ovck170ST6BIFEFMpOGFuI.KjUJEdyzIJCOzHTjgfjTevyGS.VxS', 'hkRcVqvF46', '2024-08-31 04:02:58', '2024-08-31 04:02:58'),
(188, 'Nora Keeling Jr.', 'maverick.lemke@example.com', '2024-08-31 04:02:58', '$2y$12$1ovck170ST6BIFEFMpOGFuI.KjUJEdyzIJCOzHTjgfjTevyGS.VxS', 'yjfQt2QX0x', '2024-08-31 04:02:58', '2024-08-31 04:02:58'),
(189, 'Lynn Kozey V', 'drew91@example.net', '2024-08-31 04:02:58', '$2y$12$1ovck170ST6BIFEFMpOGFuI.KjUJEdyzIJCOzHTjgfjTevyGS.VxS', 'ZEpy5y71mS', '2024-08-31 04:02:58', '2024-08-31 04:02:58'),
(190, 'Hildegard Lemke', 'jailyn09@example.net', '2024-08-31 04:02:58', '$2y$12$1ovck170ST6BIFEFMpOGFuI.KjUJEdyzIJCOzHTjgfjTevyGS.VxS', 'q5kqmBadKd', '2024-08-31 04:02:58', '2024-08-31 04:02:58'),
(191, 'Jeanne McCullough', 'mateo.ruecker@example.net', '2024-08-31 04:02:58', '$2y$12$1ovck170ST6BIFEFMpOGFuI.KjUJEdyzIJCOzHTjgfjTevyGS.VxS', 'hITifQtzrF', '2024-08-31 04:02:58', '2024-08-31 04:02:58'),
(192, 'Peter Kutch MD', 'zula.breitenberg@example.com', '2024-08-31 04:02:58', '$2y$12$1ovck170ST6BIFEFMpOGFuI.KjUJEdyzIJCOzHTjgfjTevyGS.VxS', 'EEaYLvsLHl', '2024-08-31 04:02:58', '2024-08-31 04:02:58'),
(193, 'Jovanny Zemlak Sr.', 'rodger94@example.org', '2024-08-31 04:02:58', '$2y$12$1ovck170ST6BIFEFMpOGFuI.KjUJEdyzIJCOzHTjgfjTevyGS.VxS', 'jS0w3IwTSJ', '2024-08-31 04:02:58', '2024-08-31 04:02:58'),
(194, 'Belle Runolfsson', 'schiller.antone@example.org', '2024-08-31 04:02:58', '$2y$12$1ovck170ST6BIFEFMpOGFuI.KjUJEdyzIJCOzHTjgfjTevyGS.VxS', 'guGnYmSLUD', '2024-08-31 04:02:58', '2024-08-31 04:02:58'),
(195, 'Zelda Johnston Jr.', 'kemmer.eveline@example.com', '2024-08-31 04:02:58', '$2y$12$1ovck170ST6BIFEFMpOGFuI.KjUJEdyzIJCOzHTjgfjTevyGS.VxS', 'ncftbrM99P', '2024-08-31 04:02:58', '2024-08-31 04:02:58'),
(196, 'Maxime Carter', 'laura87@example.org', '2024-08-31 04:02:58', '$2y$12$1ovck170ST6BIFEFMpOGFuI.KjUJEdyzIJCOzHTjgfjTevyGS.VxS', 'xmcmUMHHDR', '2024-08-31 04:02:58', '2024-08-31 04:02:58'),
(197, 'Cortney Skiles', 'moen.ismael@example.net', '2024-08-31 04:02:58', '$2y$12$1ovck170ST6BIFEFMpOGFuI.KjUJEdyzIJCOzHTjgfjTevyGS.VxS', 'ERnVCE3M4f', '2024-08-31 04:02:58', '2024-08-31 04:02:58'),
(198, 'Franz Kilback', 'norma86@example.org', '2024-08-31 04:02:58', '$2y$12$1ovck170ST6BIFEFMpOGFuI.KjUJEdyzIJCOzHTjgfjTevyGS.VxS', 'O4EpMBV3ou', '2024-08-31 04:02:58', '2024-08-31 04:02:58'),
(199, 'Summer Strosin', 'angie.rath@example.org', '2024-08-31 04:02:58', '$2y$12$1ovck170ST6BIFEFMpOGFuI.KjUJEdyzIJCOzHTjgfjTevyGS.VxS', '1vhazcOEDA', '2024-08-31 04:02:58', '2024-08-31 04:02:58'),
(200, 'Moses VonRueden', 'oberbrunner.judge@example.net', '2024-08-31 04:02:58', '$2y$12$1ovck170ST6BIFEFMpOGFuI.KjUJEdyzIJCOzHTjgfjTevyGS.VxS', 'mMJ87Cms15', '2024-08-31 04:02:58', '2024-08-31 04:02:58'),
(201, 'Hilton Erdman', 'vward@example.org', '2024-08-31 04:02:58', '$2y$12$1ovck170ST6BIFEFMpOGFuI.KjUJEdyzIJCOzHTjgfjTevyGS.VxS', '0V8JxiSGaN', '2024-08-31 04:02:58', '2024-08-31 04:02:58'),
(202, 'Dr. Cameron Hodkiewicz', 'jeramy98@example.org', '2024-08-31 04:02:58', '$2y$12$1ovck170ST6BIFEFMpOGFuI.KjUJEdyzIJCOzHTjgfjTevyGS.VxS', 'YmnKiK36HT', '2024-08-31 04:02:58', '2024-08-31 04:02:58'),
(203, 'Tyree Lind', 'brandyn32@example.net', '2024-08-31 04:02:58', '$2y$12$1ovck170ST6BIFEFMpOGFuI.KjUJEdyzIJCOzHTjgfjTevyGS.VxS', 'uvM3R9WivS', '2024-08-31 04:02:58', '2024-08-31 04:02:58'),
(204, 'Juston Hyatt', 'labadie.karina@example.net', '2024-08-31 04:02:58', '$2y$12$1ovck170ST6BIFEFMpOGFuI.KjUJEdyzIJCOzHTjgfjTevyGS.VxS', 'ZoPqsJ0qNH', '2024-08-31 04:02:58', '2024-08-31 04:02:58'),
(205, 'Palma Schneider', 'osvaldo.hilpert@example.com', '2024-08-31 04:02:58', '$2y$12$1ovck170ST6BIFEFMpOGFuI.KjUJEdyzIJCOzHTjgfjTevyGS.VxS', 'DJYbCgAR6g', '2024-08-31 04:02:58', '2024-08-31 04:02:58'),
(206, 'Mr. Major Batz Sr.', 'rosemary.jast@example.net', '2024-08-31 04:02:58', '$2y$12$1ovck170ST6BIFEFMpOGFuI.KjUJEdyzIJCOzHTjgfjTevyGS.VxS', 'n6VtWrNn1A', '2024-08-31 04:02:58', '2024-08-31 04:02:58'),
(207, 'Hugh Parisian Sr.', 'breanna.jacobson@example.org', '2024-08-31 04:02:58', '$2y$12$1ovck170ST6BIFEFMpOGFuI.KjUJEdyzIJCOzHTjgfjTevyGS.VxS', 'h21Fch1dTy', '2024-08-31 04:02:58', '2024-08-31 04:02:58'),
(208, 'Arnaldo Franecki', 'von.jean@example.org', '2024-08-31 04:02:58', '$2y$12$1ovck170ST6BIFEFMpOGFuI.KjUJEdyzIJCOzHTjgfjTevyGS.VxS', 'snnvWVLQ29', '2024-08-31 04:02:58', '2024-08-31 04:02:58'),
(209, 'Polly Spinka', 'erica14@example.net', '2024-08-31 04:02:58', '$2y$12$1ovck170ST6BIFEFMpOGFuI.KjUJEdyzIJCOzHTjgfjTevyGS.VxS', 'WujvgnSNeo', '2024-08-31 04:02:58', '2024-08-31 04:02:58'),
(210, 'Cheyenne Batz', 'aschmidt@example.com', '2024-08-31 04:02:58', '$2y$12$1ovck170ST6BIFEFMpOGFuI.KjUJEdyzIJCOzHTjgfjTevyGS.VxS', 'bK2xoG9fdx', '2024-08-31 04:02:58', '2024-08-31 04:02:58'),
(211, 'Magnolia Bayer II', 'kelvin.abernathy@example.net', '2024-08-31 04:02:58', '$2y$12$1ovck170ST6BIFEFMpOGFuI.KjUJEdyzIJCOzHTjgfjTevyGS.VxS', 'rb6czowrrN', '2024-08-31 04:02:58', '2024-08-31 04:02:58'),
(212, 'Vance Wintheiser', 'gmohr@example.com', '2024-08-31 04:02:58', '$2y$12$1ovck170ST6BIFEFMpOGFuI.KjUJEdyzIJCOzHTjgfjTevyGS.VxS', '580xSzmgSI', '2024-08-31 04:02:58', '2024-08-31 04:02:58'),
(213, 'Ian Ritchie', 'aroob@example.net', '2024-08-31 04:02:58', '$2y$12$1ovck170ST6BIFEFMpOGFuI.KjUJEdyzIJCOzHTjgfjTevyGS.VxS', '3aaxkORw3A', '2024-08-31 04:02:58', '2024-08-31 04:02:58'),
(214, 'Neil Buckridge', 'sporer.nyasia@example.com', '2024-08-31 04:02:59', '$2y$12$1ovck170ST6BIFEFMpOGFuI.KjUJEdyzIJCOzHTjgfjTevyGS.VxS', 'V080ZJeBmb', '2024-08-31 04:02:59', '2024-08-31 04:02:59'),
(215, 'Hertha Beer', 'orion.turner@example.com', '2024-08-31 04:02:59', '$2y$12$1ovck170ST6BIFEFMpOGFuI.KjUJEdyzIJCOzHTjgfjTevyGS.VxS', 's55G1QjbVe', '2024-08-31 04:02:59', '2024-08-31 04:02:59'),
(216, 'Mr. Rory Crooks III', 'toby07@example.org', '2024-08-31 04:02:59', '$2y$12$1ovck170ST6BIFEFMpOGFuI.KjUJEdyzIJCOzHTjgfjTevyGS.VxS', '2Gb3DgljbX', '2024-08-31 04:02:59', '2024-08-31 04:02:59'),
(217, 'Miss Delia Kreiger II', 'bashirian.ana@example.com', '2024-08-31 04:02:59', '$2y$12$1ovck170ST6BIFEFMpOGFuI.KjUJEdyzIJCOzHTjgfjTevyGS.VxS', '9T6IgwOdvx', '2024-08-31 04:02:59', '2024-08-31 04:02:59'),
(218, 'Dr. Kylee Rice DVM', 'scarlett06@example.com', '2024-08-31 04:02:59', '$2y$12$1ovck170ST6BIFEFMpOGFuI.KjUJEdyzIJCOzHTjgfjTevyGS.VxS', '2DhImG4IIJ', '2024-08-31 04:02:59', '2024-08-31 04:02:59'),
(219, 'Jolie Feest', 'ellis06@example.net', '2024-08-31 04:02:59', '$2y$12$1ovck170ST6BIFEFMpOGFuI.KjUJEdyzIJCOzHTjgfjTevyGS.VxS', 'KL3kmUFRbF', '2024-08-31 04:02:59', '2024-08-31 04:02:59'),
(220, 'Ms. Johanna Barrows II', 'sadye81@example.com', '2024-08-31 04:02:59', '$2y$12$1ovck170ST6BIFEFMpOGFuI.KjUJEdyzIJCOzHTjgfjTevyGS.VxS', 'pI7PMcRaOj', '2024-08-31 04:02:59', '2024-08-31 04:02:59'),
(221, 'Miss Dannie Jacobson Jr.', 'nmckenzie@example.org', '2024-08-31 04:02:59', '$2y$12$1ovck170ST6BIFEFMpOGFuI.KjUJEdyzIJCOzHTjgfjTevyGS.VxS', 'o4g64rbleS', '2024-08-31 04:02:59', '2024-08-31 04:02:59'),
(222, 'Seth Christiansen', 'tberge@example.org', '2024-08-31 04:02:59', '$2y$12$1ovck170ST6BIFEFMpOGFuI.KjUJEdyzIJCOzHTjgfjTevyGS.VxS', 'grLaeyRzag', '2024-08-31 04:02:59', '2024-08-31 04:02:59'),
(223, 'Dr. Demetrius Becker', 'enos26@example.com', '2024-08-31 04:02:59', '$2y$12$1ovck170ST6BIFEFMpOGFuI.KjUJEdyzIJCOzHTjgfjTevyGS.VxS', 'NhGYSDLMtt', '2024-08-31 04:02:59', '2024-08-31 04:02:59'),
(224, 'Prof. Maximilian Upton', 'raquel45@example.com', '2024-08-31 04:02:59', '$2y$12$1ovck170ST6BIFEFMpOGFuI.KjUJEdyzIJCOzHTjgfjTevyGS.VxS', 'saOGA0eLAz', '2024-08-31 04:02:59', '2024-08-31 04:02:59'),
(225, 'Mr. Roman Huel V', 'qhand@example.net', '2024-08-31 04:02:59', '$2y$12$1ovck170ST6BIFEFMpOGFuI.KjUJEdyzIJCOzHTjgfjTevyGS.VxS', 'qREpcHJFHX', '2024-08-31 04:02:59', '2024-08-31 04:02:59'),
(226, 'Prof. Conrad Boyer', 'jermaine.okeefe@example.org', '2024-08-31 04:02:59', '$2y$12$1ovck170ST6BIFEFMpOGFuI.KjUJEdyzIJCOzHTjgfjTevyGS.VxS', 'C11V7MMRl8', '2024-08-31 04:02:59', '2024-08-31 04:02:59'),
(227, 'Jesse White I', 'lilliana.toy@example.com', '2024-08-31 04:02:59', '$2y$12$1ovck170ST6BIFEFMpOGFuI.KjUJEdyzIJCOzHTjgfjTevyGS.VxS', '8y0ghkCvFz', '2024-08-31 04:02:59', '2024-08-31 04:02:59'),
(228, 'Darien Osinski', 'oswaldo.hyatt@example.org', '2024-08-31 04:02:59', '$2y$12$1ovck170ST6BIFEFMpOGFuI.KjUJEdyzIJCOzHTjgfjTevyGS.VxS', 'IONyVk9nFu', '2024-08-31 04:02:59', '2024-08-31 04:02:59'),
(229, 'Kiana Collins', 'streich.al@example.com', '2024-08-31 04:02:59', '$2y$12$1ovck170ST6BIFEFMpOGFuI.KjUJEdyzIJCOzHTjgfjTevyGS.VxS', 'DEwBnZSmgZ', '2024-08-31 04:02:59', '2024-08-31 04:02:59'),
(230, 'Aniyah Morar', 'schmeler.maribel@example.net', '2024-08-31 04:02:59', '$2y$12$1ovck170ST6BIFEFMpOGFuI.KjUJEdyzIJCOzHTjgfjTevyGS.VxS', 'MtJ09EIeSL', '2024-08-31 04:02:59', '2024-08-31 04:02:59'),
(231, 'Prof. Hazle Ankunding', 'eturner@example.net', '2024-08-31 04:02:59', '$2y$12$1ovck170ST6BIFEFMpOGFuI.KjUJEdyzIJCOzHTjgfjTevyGS.VxS', 'XHQKQ7PZKZ', '2024-08-31 04:02:59', '2024-08-31 04:02:59'),
(232, 'Ms. Odessa Von', 'ohara.melvin@example.org', '2024-08-31 04:02:59', '$2y$12$1ovck170ST6BIFEFMpOGFuI.KjUJEdyzIJCOzHTjgfjTevyGS.VxS', '4zDqmi5Rwo', '2024-08-31 04:02:59', '2024-08-31 04:02:59'),
(233, 'Marguerite Davis', 'heathcote.lue@example.com', '2024-08-31 04:02:59', '$2y$12$1ovck170ST6BIFEFMpOGFuI.KjUJEdyzIJCOzHTjgfjTevyGS.VxS', 'YXIR3HCcTF', '2024-08-31 04:02:59', '2024-08-31 04:02:59'),
(234, 'Prof. Francesco Hilpert', 'moshe.mills@example.com', '2024-08-31 04:02:59', '$2y$12$1ovck170ST6BIFEFMpOGFuI.KjUJEdyzIJCOzHTjgfjTevyGS.VxS', 'wU7UjtD6I5', '2024-08-31 04:02:59', '2024-08-31 04:02:59'),
(235, 'Dr. Evert Barrows IV', 'qprice@example.net', '2024-08-31 04:02:59', '$2y$12$1ovck170ST6BIFEFMpOGFuI.KjUJEdyzIJCOzHTjgfjTevyGS.VxS', 'CFPBu5aBDR', '2024-08-31 04:02:59', '2024-08-31 04:02:59'),
(236, 'Lenore Johns', 'vhuels@example.net', '2024-08-31 04:02:59', '$2y$12$1ovck170ST6BIFEFMpOGFuI.KjUJEdyzIJCOzHTjgfjTevyGS.VxS', 'l9n1SJy6vl', '2024-08-31 04:02:59', '2024-08-31 04:02:59'),
(237, 'Mrs. Ethelyn Paucek Sr.', 'schulist.janice@example.net', '2024-08-31 04:02:59', '$2y$12$1ovck170ST6BIFEFMpOGFuI.KjUJEdyzIJCOzHTjgfjTevyGS.VxS', 'TpCFbuHwDc', '2024-08-31 04:02:59', '2024-08-31 04:02:59'),
(238, 'Eduardo Cole', 'herman.therese@example.net', '2024-08-31 04:02:59', '$2y$12$1ovck170ST6BIFEFMpOGFuI.KjUJEdyzIJCOzHTjgfjTevyGS.VxS', 'LWV8Ln0YOq', '2024-08-31 04:02:59', '2024-08-31 04:02:59'),
(239, 'Pearlie Hickle III', 'jessy11@example.net', '2024-08-31 04:02:59', '$2y$12$1ovck170ST6BIFEFMpOGFuI.KjUJEdyzIJCOzHTjgfjTevyGS.VxS', 'xNHIjAYY0h', '2024-08-31 04:02:59', '2024-08-31 04:02:59'),
(240, 'Lonny Rolfson', 'fritz.kiehn@example.net', '2024-08-31 04:02:59', '$2y$12$1ovck170ST6BIFEFMpOGFuI.KjUJEdyzIJCOzHTjgfjTevyGS.VxS', 'hRMHi8PkPv', '2024-08-31 04:02:59', '2024-08-31 04:02:59'),
(241, 'Trystan O\'Connell', 'dubuque.keshaun@example.org', '2024-08-31 04:02:59', '$2y$12$1ovck170ST6BIFEFMpOGFuI.KjUJEdyzIJCOzHTjgfjTevyGS.VxS', 'wWyw5KCNEW', '2024-08-31 04:02:59', '2024-08-31 04:02:59'),
(242, 'Salvatore Crona II', 'hoppe.stan@example.com', '2024-08-31 04:02:59', '$2y$12$1ovck170ST6BIFEFMpOGFuI.KjUJEdyzIJCOzHTjgfjTevyGS.VxS', 'RkpLv6gDV2', '2024-08-31 04:02:59', '2024-08-31 04:02:59'),
(243, 'Mr. Kip O\'Connell', 'dalton31@example.net', '2024-08-31 04:02:59', '$2y$12$1ovck170ST6BIFEFMpOGFuI.KjUJEdyzIJCOzHTjgfjTevyGS.VxS', '8xfrACYWPW', '2024-08-31 04:02:59', '2024-08-31 04:02:59'),
(244, 'Jeramie Kunde IV', 'slynch@example.com', '2024-08-31 04:02:59', '$2y$12$1ovck170ST6BIFEFMpOGFuI.KjUJEdyzIJCOzHTjgfjTevyGS.VxS', 'jpsxAdLen1', '2024-08-31 04:02:59', '2024-08-31 04:02:59'),
(245, 'Jocelyn Hagenes', 'toy.senger@example.com', '2024-08-31 04:02:59', '$2y$12$1ovck170ST6BIFEFMpOGFuI.KjUJEdyzIJCOzHTjgfjTevyGS.VxS', 'KdTAhaD0uH', '2024-08-31 04:02:59', '2024-08-31 04:02:59'),
(246, 'Melyna Blanda', 'umoore@example.com', '2024-08-31 04:02:59', '$2y$12$1ovck170ST6BIFEFMpOGFuI.KjUJEdyzIJCOzHTjgfjTevyGS.VxS', 'AXnMTurx7h', '2024-08-31 04:02:59', '2024-08-31 04:02:59'),
(247, 'Myra McKenzie', 'abel.auer@example.net', '2024-08-31 04:02:59', '$2y$12$1ovck170ST6BIFEFMpOGFuI.KjUJEdyzIJCOzHTjgfjTevyGS.VxS', 'p6pvsn9HpE', '2024-08-31 04:02:59', '2024-08-31 04:02:59'),
(248, 'Dr. Arlo Koss PhD', 'ibaumbach@example.net', '2024-08-31 04:02:59', '$2y$12$1ovck170ST6BIFEFMpOGFuI.KjUJEdyzIJCOzHTjgfjTevyGS.VxS', 'D6GvNqJu5w', '2024-08-31 04:02:59', '2024-08-31 04:02:59'),
(249, 'Mrs. Susan Crist III', 'goldner.braxton@example.net', '2024-08-31 04:02:59', '$2y$12$1ovck170ST6BIFEFMpOGFuI.KjUJEdyzIJCOzHTjgfjTevyGS.VxS', 'NMk9ibx4YR', '2024-08-31 04:02:59', '2024-08-31 04:02:59'),
(250, 'Verdie Spencer', 'amari75@example.org', '2024-08-31 04:02:59', '$2y$12$1ovck170ST6BIFEFMpOGFuI.KjUJEdyzIJCOzHTjgfjTevyGS.VxS', 'RkGTpZGwaf', '2024-08-31 04:02:59', '2024-08-31 04:02:59'),
(251, 'Anastacio Robel', 'vrowe@example.com', '2024-08-31 04:02:59', '$2y$12$1ovck170ST6BIFEFMpOGFuI.KjUJEdyzIJCOzHTjgfjTevyGS.VxS', 'xqeTumt5ss', '2024-08-31 04:02:59', '2024-08-31 04:02:59'),
(252, 'Caesar Heidenreich', 'vdenesik@example.net', '2024-08-31 04:02:59', '$2y$12$1ovck170ST6BIFEFMpOGFuI.KjUJEdyzIJCOzHTjgfjTevyGS.VxS', 'ZFBlSfNc6B', '2024-08-31 04:02:59', '2024-08-31 04:02:59'),
(253, 'Murphy Jast', 'delpha.leannon@example.net', '2024-08-31 04:02:59', '$2y$12$1ovck170ST6BIFEFMpOGFuI.KjUJEdyzIJCOzHTjgfjTevyGS.VxS', '80duWMDWkd', '2024-08-31 04:02:59', '2024-08-31 04:02:59'),
(254, 'Mrs. Retha Bosco', 'connor69@example.net', '2024-08-31 04:02:59', '$2y$12$1ovck170ST6BIFEFMpOGFuI.KjUJEdyzIJCOzHTjgfjTevyGS.VxS', 'Tzfwo9HGh3', '2024-08-31 04:02:59', '2024-08-31 04:02:59');
INSERT INTO `users` (`id`, `name`, `email`, `email_verified_at`, `password`, `remember_token`, `created_at`, `updated_at`) VALUES
(255, 'Theresa Mills', 'dangelo.beahan@example.net', '2024-08-31 04:02:59', '$2y$12$1ovck170ST6BIFEFMpOGFuI.KjUJEdyzIJCOzHTjgfjTevyGS.VxS', 'yDQq4H6Any', '2024-08-31 04:02:59', '2024-08-31 04:02:59'),
(256, 'Lonnie Larkin IV', 'zlangosh@example.net', '2024-08-31 04:02:59', '$2y$12$1ovck170ST6BIFEFMpOGFuI.KjUJEdyzIJCOzHTjgfjTevyGS.VxS', 'ew1hVfWOWt', '2024-08-31 04:02:59', '2024-08-31 04:02:59'),
(257, 'Freda Roberts', 'lstanton@example.com', '2024-08-31 04:02:59', '$2y$12$1ovck170ST6BIFEFMpOGFuI.KjUJEdyzIJCOzHTjgfjTevyGS.VxS', '1UnC8kPMTf', '2024-08-31 04:02:59', '2024-08-31 04:02:59'),
(258, 'Domenic Heathcote', 'sallie.lang@example.org', '2024-08-31 04:02:59', '$2y$12$1ovck170ST6BIFEFMpOGFuI.KjUJEdyzIJCOzHTjgfjTevyGS.VxS', 'iVk9ePzwCA', '2024-08-31 04:02:59', '2024-08-31 04:02:59'),
(259, 'Rodrigo Koss', 'dejah19@example.net', '2024-08-31 04:11:48', '$2y$12$AZdXZcMIu2xISUxCQ7oIx.5QEHnBjnsOJJMrTptdaij/a7qN7sG5q', 'Ufg3qxnzaS', '2024-08-31 04:11:48', '2024-08-31 04:11:48'),
(260, 'General Funk', 'tsteuber@example.org', '2024-08-31 04:11:48', '$2y$12$AZdXZcMIu2xISUxCQ7oIx.5QEHnBjnsOJJMrTptdaij/a7qN7sG5q', '6G8VffyQN1', '2024-08-31 04:11:48', '2024-08-31 04:11:48'),
(261, 'Robert Hills II', 'cschiller@example.org', '2024-08-31 04:11:48', '$2y$12$AZdXZcMIu2xISUxCQ7oIx.5QEHnBjnsOJJMrTptdaij/a7qN7sG5q', 'lIHXJdMpM6', '2024-08-31 04:11:48', '2024-08-31 04:11:48'),
(262, 'Lindsay Beahan', 'caleb23@example.net', '2024-08-31 04:11:48', '$2y$12$AZdXZcMIu2xISUxCQ7oIx.5QEHnBjnsOJJMrTptdaij/a7qN7sG5q', 'ZhKM3IB60N', '2024-08-31 04:11:48', '2024-08-31 04:11:48'),
(263, 'Mr. Ned Cormier DDS', 'foreilly@example.org', '2024-08-31 04:11:48', '$2y$12$AZdXZcMIu2xISUxCQ7oIx.5QEHnBjnsOJJMrTptdaij/a7qN7sG5q', '2MjrYUXEjm', '2024-08-31 04:11:48', '2024-08-31 04:11:48'),
(264, 'Elias Hilpert', 'tommie68@example.net', '2024-08-31 04:11:48', '$2y$12$AZdXZcMIu2xISUxCQ7oIx.5QEHnBjnsOJJMrTptdaij/a7qN7sG5q', 'tQscnD2Xjj', '2024-08-31 04:11:48', '2024-08-31 04:11:48'),
(265, 'Dr. Mariah Fahey Jr.', 'dangelo10@example.org', '2024-08-31 04:11:48', '$2y$12$AZdXZcMIu2xISUxCQ7oIx.5QEHnBjnsOJJMrTptdaij/a7qN7sG5q', 'nyVQdUkVbw', '2024-08-31 04:11:48', '2024-08-31 04:11:48'),
(266, 'Annette Dicki DDS', 'yolanda.schaden@example.com', '2024-08-31 04:11:48', '$2y$12$AZdXZcMIu2xISUxCQ7oIx.5QEHnBjnsOJJMrTptdaij/a7qN7sG5q', 'kinjqHBXAo', '2024-08-31 04:11:48', '2024-08-31 04:11:48'),
(267, 'Ms. Ozella Waelchi', 'dortha70@example.com', '2024-08-31 04:11:48', '$2y$12$AZdXZcMIu2xISUxCQ7oIx.5QEHnBjnsOJJMrTptdaij/a7qN7sG5q', 'G146EXlpzo', '2024-08-31 04:11:48', '2024-08-31 04:11:48'),
(268, 'Michaela Flatley IV', 'oschinner@example.net', '2024-08-31 04:11:48', '$2y$12$AZdXZcMIu2xISUxCQ7oIx.5QEHnBjnsOJJMrTptdaij/a7qN7sG5q', 'H0fMPwstCm', '2024-08-31 04:11:48', '2024-08-31 04:11:48'),
(269, 'Estevan Jerde', 'thad13@example.com', '2024-08-31 04:11:48', '$2y$12$AZdXZcMIu2xISUxCQ7oIx.5QEHnBjnsOJJMrTptdaij/a7qN7sG5q', 'M1soJdA2MB', '2024-08-31 04:11:48', '2024-08-31 04:11:48'),
(270, 'Marques Stiedemann', 'prudence63@example.net', '2024-08-31 04:11:48', '$2y$12$AZdXZcMIu2xISUxCQ7oIx.5QEHnBjnsOJJMrTptdaij/a7qN7sG5q', 'LWD1b53pV3', '2024-08-31 04:11:48', '2024-08-31 04:11:48'),
(271, 'Adalberto Predovic DDS', 'tania.kilback@example.net', '2024-08-31 04:11:48', '$2y$12$AZdXZcMIu2xISUxCQ7oIx.5QEHnBjnsOJJMrTptdaij/a7qN7sG5q', 'nMUFcjpsKz', '2024-08-31 04:11:48', '2024-08-31 04:11:48'),
(272, 'Jarod McKenzie', 'xblanda@example.org', '2024-08-31 04:11:48', '$2y$12$AZdXZcMIu2xISUxCQ7oIx.5QEHnBjnsOJJMrTptdaij/a7qN7sG5q', 'xbTuJ1ShE1', '2024-08-31 04:11:48', '2024-08-31 04:11:48'),
(273, 'Dr. Harmony Bins IV', 'bode.rosanna@example.net', '2024-08-31 04:11:48', '$2y$12$AZdXZcMIu2xISUxCQ7oIx.5QEHnBjnsOJJMrTptdaij/a7qN7sG5q', 'mL8PHPZwsC', '2024-08-31 04:11:48', '2024-08-31 04:11:48'),
(274, 'Mr. Kolby Tillman', 'shanahan.louisa@example.net', '2024-08-31 04:11:48', '$2y$12$AZdXZcMIu2xISUxCQ7oIx.5QEHnBjnsOJJMrTptdaij/a7qN7sG5q', '76zeUAMsHy', '2024-08-31 04:11:48', '2024-08-31 04:11:48'),
(275, 'Lurline Collins', 'njacobson@example.net', '2024-08-31 04:11:48', '$2y$12$AZdXZcMIu2xISUxCQ7oIx.5QEHnBjnsOJJMrTptdaij/a7qN7sG5q', 'N3OEJaT8tA', '2024-08-31 04:11:48', '2024-08-31 04:11:48'),
(276, 'Elna Leffler', 'louie29@example.net', '2024-08-31 04:11:48', '$2y$12$AZdXZcMIu2xISUxCQ7oIx.5QEHnBjnsOJJMrTptdaij/a7qN7sG5q', 'aJwVuc2gY7', '2024-08-31 04:11:48', '2024-08-31 04:11:48'),
(277, 'Dr. Gideon Hoeger II', 'hortense67@example.com', '2024-08-31 04:11:48', '$2y$12$AZdXZcMIu2xISUxCQ7oIx.5QEHnBjnsOJJMrTptdaij/a7qN7sG5q', 'vlODEZISNo', '2024-08-31 04:11:48', '2024-08-31 04:11:48'),
(278, 'Lelia Oberbrunner PhD', 'harvey.abshire@example.com', '2024-08-31 04:11:48', '$2y$12$AZdXZcMIu2xISUxCQ7oIx.5QEHnBjnsOJJMrTptdaij/a7qN7sG5q', 'FNRDaCRbn4', '2024-08-31 04:11:48', '2024-08-31 04:11:48'),
(279, 'Miss Abigale Gleason I', 'cathy.hoppe@example.com', '2024-08-31 04:12:26', '$2y$12$aprOceYhFeRgcnjpl2JNt.zGV4tL/qXVZNIaUWz2QMoNW12Jg4Az2', 'Rxw7Q0bzl4', '2024-08-31 04:12:26', '2024-08-31 04:12:26'),
(280, 'Kenton Lubowitz', 'purdy.cecil@example.net', '2024-08-31 04:12:26', '$2y$12$aprOceYhFeRgcnjpl2JNt.zGV4tL/qXVZNIaUWz2QMoNW12Jg4Az2', '0p9cUKCsGl', '2024-08-31 04:12:26', '2024-08-31 04:12:26'),
(281, 'Mrs. Liliana D\'Amore I', 'rempel.kattie@example.com', '2024-08-31 04:12:26', '$2y$12$aprOceYhFeRgcnjpl2JNt.zGV4tL/qXVZNIaUWz2QMoNW12Jg4Az2', 'zrxUN6dCuI', '2024-08-31 04:12:26', '2024-08-31 04:12:26'),
(282, 'Prof. Geoffrey Kling', 'willms.jerrell@example.org', '2024-08-31 04:12:26', '$2y$12$aprOceYhFeRgcnjpl2JNt.zGV4tL/qXVZNIaUWz2QMoNW12Jg4Az2', 't73wCd2iaG', '2024-08-31 04:12:26', '2024-08-31 04:12:26'),
(283, 'Elody Bradtke', 'koepp.danielle@example.org', '2024-08-31 04:12:26', '$2y$12$aprOceYhFeRgcnjpl2JNt.zGV4tL/qXVZNIaUWz2QMoNW12Jg4Az2', 'suI22zjFjQ', '2024-08-31 04:12:26', '2024-08-31 04:12:26'),
(284, 'Miss Sandra Quigley MD', 'lockman.sabryna@example.org', '2024-08-31 04:12:26', '$2y$12$aprOceYhFeRgcnjpl2JNt.zGV4tL/qXVZNIaUWz2QMoNW12Jg4Az2', '6IP3VcMLAc', '2024-08-31 04:12:26', '2024-08-31 04:12:26'),
(285, 'Miss Eva Torphy', 'kelsie.glover@example.org', '2024-08-31 04:12:26', '$2y$12$aprOceYhFeRgcnjpl2JNt.zGV4tL/qXVZNIaUWz2QMoNW12Jg4Az2', 'WOyy24RbB6', '2024-08-31 04:12:26', '2024-08-31 04:12:26'),
(286, 'Dr. Oda Jerde', 'stevie47@example.net', '2024-08-31 04:12:26', '$2y$12$aprOceYhFeRgcnjpl2JNt.zGV4tL/qXVZNIaUWz2QMoNW12Jg4Az2', 'NswZJ8ZWO7', '2024-08-31 04:12:26', '2024-08-31 04:12:26'),
(287, 'Jammie Kautzer IV', 'katharina01@example.com', '2024-08-31 04:12:26', '$2y$12$aprOceYhFeRgcnjpl2JNt.zGV4tL/qXVZNIaUWz2QMoNW12Jg4Az2', 'txuA6U7GUn', '2024-08-31 04:12:26', '2024-08-31 04:12:26'),
(288, 'Alyce Toy', 'simone.welch@example.net', '2024-08-31 04:12:26', '$2y$12$aprOceYhFeRgcnjpl2JNt.zGV4tL/qXVZNIaUWz2QMoNW12Jg4Az2', 'DhfHK68r4m', '2024-08-31 04:12:26', '2024-08-31 04:12:26'),
(289, 'Prof. Titus Beer I', 'bianka78@example.net', '2024-08-31 04:12:26', '$2y$12$aprOceYhFeRgcnjpl2JNt.zGV4tL/qXVZNIaUWz2QMoNW12Jg4Az2', 'AzOkL9ZGhB', '2024-08-31 04:12:26', '2024-08-31 04:12:26'),
(290, 'Santino Erdman', 'stan.sauer@example.net', '2024-08-31 04:12:26', '$2y$12$aprOceYhFeRgcnjpl2JNt.zGV4tL/qXVZNIaUWz2QMoNW12Jg4Az2', 'kEHamlzftR', '2024-08-31 04:12:26', '2024-08-31 04:12:26'),
(291, 'Prof. Martina Armstrong', 'ajacobi@example.net', '2024-08-31 04:12:26', '$2y$12$aprOceYhFeRgcnjpl2JNt.zGV4tL/qXVZNIaUWz2QMoNW12Jg4Az2', 'TKGSQyZdi4', '2024-08-31 04:12:26', '2024-08-31 04:12:26'),
(292, 'Dr. Dejuan Lind IV', 'block.duncan@example.org', '2024-08-31 04:12:26', '$2y$12$aprOceYhFeRgcnjpl2JNt.zGV4tL/qXVZNIaUWz2QMoNW12Jg4Az2', '3pMVEcXsSH', '2024-08-31 04:12:26', '2024-08-31 04:12:26'),
(293, 'Beth Gleichner', 'santiago17@example.net', '2024-08-31 04:12:26', '$2y$12$aprOceYhFeRgcnjpl2JNt.zGV4tL/qXVZNIaUWz2QMoNW12Jg4Az2', 'B0M3tR2chs', '2024-08-31 04:12:26', '2024-08-31 04:12:26'),
(294, 'Dr. Ryley Nienow Jr.', 'upton.adrian@example.org', '2024-08-31 04:12:26', '$2y$12$aprOceYhFeRgcnjpl2JNt.zGV4tL/qXVZNIaUWz2QMoNW12Jg4Az2', 'tOhw0ykzwq', '2024-08-31 04:12:26', '2024-08-31 04:12:26'),
(295, 'Sonny Lebsack', 'giovanna.sauer@example.net', '2024-08-31 04:12:26', '$2y$12$aprOceYhFeRgcnjpl2JNt.zGV4tL/qXVZNIaUWz2QMoNW12Jg4Az2', 'KyoTZEH6an', '2024-08-31 04:12:26', '2024-08-31 04:12:26'),
(296, 'Kelli Harber', 'enos.cremin@example.org', '2024-08-31 04:12:26', '$2y$12$aprOceYhFeRgcnjpl2JNt.zGV4tL/qXVZNIaUWz2QMoNW12Jg4Az2', '96DlvKnLUA', '2024-08-31 04:12:26', '2024-08-31 04:12:26'),
(297, 'Dr. Deja Boehm', 'enola58@example.net', '2024-08-31 04:12:26', '$2y$12$aprOceYhFeRgcnjpl2JNt.zGV4tL/qXVZNIaUWz2QMoNW12Jg4Az2', 'vGP6XsUUwg', '2024-08-31 04:12:26', '2024-08-31 04:12:26'),
(298, 'Xander Klocko', 'zoey91@example.org', '2024-08-31 04:12:26', '$2y$12$aprOceYhFeRgcnjpl2JNt.zGV4tL/qXVZNIaUWz2QMoNW12Jg4Az2', 'EjgxoqYSwt', '2024-08-31 04:12:26', '2024-08-31 04:12:26'),
(299, 'Maida Schmidt', 'edison54@example.org', '2024-08-31 04:14:20', '$2y$12$UOuR7F524298XMvIJbo3qu9ccuOlCmXBkiZtKCgTOETgnCYc8xq0O', 'jA494cFtjS', '2024-08-31 04:14:20', '2024-08-31 04:14:20'),
(300, 'Graham Wintheiser', 'wmoen@example.org', '2024-08-31 04:14:20', '$2y$12$UOuR7F524298XMvIJbo3qu9ccuOlCmXBkiZtKCgTOETgnCYc8xq0O', 'n9JasIhu5d', '2024-08-31 04:14:20', '2024-08-31 04:14:20'),
(301, 'Dasia Cronin', 'marisa95@example.net', '2024-08-31 04:14:20', '$2y$12$UOuR7F524298XMvIJbo3qu9ccuOlCmXBkiZtKCgTOETgnCYc8xq0O', 'lHxlhZRpcS', '2024-08-31 04:14:20', '2024-08-31 04:14:20'),
(302, 'Dr. Avery Schoen MD', 'esperanza.skiles@example.com', '2024-08-31 04:14:20', '$2y$12$UOuR7F524298XMvIJbo3qu9ccuOlCmXBkiZtKCgTOETgnCYc8xq0O', 'kFIKshR8lS', '2024-08-31 04:14:20', '2024-08-31 04:14:20'),
(303, 'Dario Rolfson', 'unique.mante@example.net', '2024-08-31 04:14:20', '$2y$12$UOuR7F524298XMvIJbo3qu9ccuOlCmXBkiZtKCgTOETgnCYc8xq0O', 'IuEgeyUrO4', '2024-08-31 04:14:20', '2024-08-31 04:14:20'),
(304, 'Francisca Donnelly', 'hagenes.sandrine@example.net', '2024-08-31 04:14:20', '$2y$12$UOuR7F524298XMvIJbo3qu9ccuOlCmXBkiZtKCgTOETgnCYc8xq0O', '4mRFjGGPDQ', '2024-08-31 04:14:20', '2024-08-31 04:14:20'),
(305, 'Gwen Schaefer Jr.', 'schneider.gideon@example.net', '2024-08-31 04:14:20', '$2y$12$UOuR7F524298XMvIJbo3qu9ccuOlCmXBkiZtKCgTOETgnCYc8xq0O', 'GXILev4Mum', '2024-08-31 04:14:20', '2024-08-31 04:14:20'),
(306, 'Elise Kunze', 'jeramy45@example.com', '2024-08-31 04:14:20', '$2y$12$UOuR7F524298XMvIJbo3qu9ccuOlCmXBkiZtKCgTOETgnCYc8xq0O', 'KSA4oSaXdT', '2024-08-31 04:14:20', '2024-08-31 04:14:20'),
(307, 'Braden Douglas', 'barrows.naomi@example.org', '2024-08-31 04:14:20', '$2y$12$UOuR7F524298XMvIJbo3qu9ccuOlCmXBkiZtKCgTOETgnCYc8xq0O', '4Gnoc00b60', '2024-08-31 04:14:20', '2024-08-31 04:14:20'),
(308, 'Isidro Heaney', 'harris.bryce@example.org', '2024-08-31 04:14:20', '$2y$12$UOuR7F524298XMvIJbo3qu9ccuOlCmXBkiZtKCgTOETgnCYc8xq0O', 'gdGZASkGeY', '2024-08-31 04:14:20', '2024-08-31 04:14:20'),
(309, 'Dr. Sean Schoen III', 'niko13@example.org', '2024-08-31 04:14:20', '$2y$12$UOuR7F524298XMvIJbo3qu9ccuOlCmXBkiZtKCgTOETgnCYc8xq0O', 'kTNx63X0OR', '2024-08-31 04:14:20', '2024-08-31 04:14:20'),
(310, 'Buford Weber PhD', 'rmoen@example.com', '2024-08-31 04:14:20', '$2y$12$UOuR7F524298XMvIJbo3qu9ccuOlCmXBkiZtKCgTOETgnCYc8xq0O', '6mMFVMdGW2', '2024-08-31 04:14:20', '2024-08-31 04:14:20'),
(311, 'Dr. Jewel Schiller PhD', 'kiehn.jovanny@example.org', '2024-08-31 04:14:20', '$2y$12$UOuR7F524298XMvIJbo3qu9ccuOlCmXBkiZtKCgTOETgnCYc8xq0O', 'IdkyXM8YFE', '2024-08-31 04:14:20', '2024-08-31 04:14:20'),
(312, 'Verla Langosh', 'rashawn.cruickshank@example.org', '2024-08-31 04:14:20', '$2y$12$UOuR7F524298XMvIJbo3qu9ccuOlCmXBkiZtKCgTOETgnCYc8xq0O', '5FfeOLnQOH', '2024-08-31 04:14:20', '2024-08-31 04:14:20'),
(313, 'Brielle Carter', 'vyundt@example.org', '2024-08-31 04:14:20', '$2y$12$UOuR7F524298XMvIJbo3qu9ccuOlCmXBkiZtKCgTOETgnCYc8xq0O', 'htUph6GY9S', '2024-08-31 04:14:20', '2024-08-31 04:14:20'),
(314, 'Dr. Durward Metz', 'vabernathy@example.net', '2024-08-31 04:14:20', '$2y$12$UOuR7F524298XMvIJbo3qu9ccuOlCmXBkiZtKCgTOETgnCYc8xq0O', 'CY5N7QbHZb', '2024-08-31 04:14:20', '2024-08-31 04:14:20'),
(315, 'Jayde Reilly', 'burnice75@example.net', '2024-08-31 04:14:20', '$2y$12$UOuR7F524298XMvIJbo3qu9ccuOlCmXBkiZtKCgTOETgnCYc8xq0O', 'iJeMCqjFEr', '2024-08-31 04:14:20', '2024-08-31 04:14:20'),
(316, 'Mr. Rico Greenholt', 'curtis31@example.com', '2024-08-31 04:14:20', '$2y$12$UOuR7F524298XMvIJbo3qu9ccuOlCmXBkiZtKCgTOETgnCYc8xq0O', 'VLEV5MvFG0', '2024-08-31 04:14:20', '2024-08-31 04:14:20'),
(317, 'Rylee Bahringer', 'ruth.wyman@example.net', '2024-08-31 04:14:20', '$2y$12$UOuR7F524298XMvIJbo3qu9ccuOlCmXBkiZtKCgTOETgnCYc8xq0O', '6I5DcVAANf', '2024-08-31 04:14:20', '2024-08-31 04:14:20'),
(318, 'Prof. Benedict Wisozk', 'dibbert.manley@example.org', '2024-08-31 04:14:20', '$2y$12$UOuR7F524298XMvIJbo3qu9ccuOlCmXBkiZtKCgTOETgnCYc8xq0O', '0xDghXwYVX', '2024-08-31 04:14:20', '2024-08-31 04:14:20');

--
-- Indexes for dumped tables
--

--
-- Indexes for table `cache`
--
ALTER TABLE `cache`
  ADD PRIMARY KEY (`key`);

--
-- Indexes for table `cache_locks`
--
ALTER TABLE `cache_locks`
  ADD PRIMARY KEY (`key`);

--
-- Indexes for table `categories`
--
ALTER TABLE `categories`
  ADD PRIMARY KEY (`id`),
  ADD UNIQUE KEY `categories_slug_unique` (`slug`),
  ADD KEY `categories_parent_id_foreign` (`parent_id`);

--
-- Indexes for table `failed_jobs`
--
ALTER TABLE `failed_jobs`
  ADD PRIMARY KEY (`id`),
  ADD UNIQUE KEY `failed_jobs_uuid_unique` (`uuid`);

--
-- Indexes for table `jobs`
--
ALTER TABLE `jobs`
  ADD PRIMARY KEY (`id`),
  ADD KEY `jobs_queue_index` (`queue`);

--
-- Indexes for table `job_batches`
--
ALTER TABLE `job_batches`
  ADD PRIMARY KEY (`id`);

--
-- Indexes for table `migrations`
--
ALTER TABLE `migrations`
  ADD PRIMARY KEY (`id`);

--
-- Indexes for table `orders`
--
ALTER TABLE `orders`
  ADD PRIMARY KEY (`id`);

--
-- Indexes for table `order_details`
--
ALTER TABLE `order_details`
  ADD PRIMARY KEY (`id`),
  ADD KEY `order_details_product_id_foreign` (`product_id`),
  ADD KEY `order_details_order_id_foreign` (`order_id`);

--
-- Indexes for table `password_reset_tokens`
--
ALTER TABLE `password_reset_tokens`
  ADD PRIMARY KEY (`email`);

--
-- Indexes for table `products`
--
ALTER TABLE `products`
  ADD PRIMARY KEY (`id`),
  ADD UNIQUE KEY `products_slug_unique` (`slug`);

--
-- Indexes for table `product_categories`
--
ALTER TABLE `product_categories`
  ADD PRIMARY KEY (`id`),
  ADD KEY `product_categories_product_id_foreign` (`product_id`),
  ADD KEY `product_categories_category_id_foreign` (`category_id`);

--
-- Indexes for table `product_reviews`
--
ALTER TABLE `product_reviews`
  ADD PRIMARY KEY (`id`),
  ADD KEY `product_reviews_product_id_foreign` (`product_id`);

--
-- Indexes for table `sessions`
--
ALTER TABLE `sessions`
  ADD PRIMARY KEY (`id`),
  ADD KEY `sessions_user_id_index` (`user_id`),
  ADD KEY `sessions_last_activity_index` (`last_activity`);

--
-- Indexes for table `users`
--
ALTER TABLE `users`
  ADD PRIMARY KEY (`id`),
  ADD UNIQUE KEY `users_email_unique` (`email`);

--
-- AUTO_INCREMENT for dumped tables
--

--
-- AUTO_INCREMENT for table `categories`
--
ALTER TABLE `categories`
  MODIFY `id` bigint(20) UNSIGNED NOT NULL AUTO_INCREMENT, AUTO_INCREMENT=6;

--
-- AUTO_INCREMENT for table `failed_jobs`
--
ALTER TABLE `failed_jobs`
  MODIFY `id` bigint(20) UNSIGNED NOT NULL AUTO_INCREMENT;

--
-- AUTO_INCREMENT for table `jobs`
--
ALTER TABLE `jobs`
  MODIFY `id` bigint(20) UNSIGNED NOT NULL AUTO_INCREMENT;

--
-- AUTO_INCREMENT for table `migrations`
--
ALTER TABLE `migrations`
  MODIFY `id` int(10) UNSIGNED NOT NULL AUTO_INCREMENT, AUTO_INCREMENT=18;

--
-- AUTO_INCREMENT for table `orders`
--
ALTER TABLE `orders`
  MODIFY `id` bigint(20) UNSIGNED NOT NULL AUTO_INCREMENT, AUTO_INCREMENT=16;

--
-- AUTO_INCREMENT for table `order_details`
--
ALTER TABLE `order_details`
  MODIFY `id` bigint(20) UNSIGNED NOT NULL AUTO_INCREMENT, AUTO_INCREMENT=28;

--
-- AUTO_INCREMENT for table `products`
--
ALTER TABLE `products`
  MODIFY `id` bigint(20) UNSIGNED NOT NULL AUTO_INCREMENT, AUTO_INCREMENT=131;

--
-- AUTO_INCREMENT for table `product_categories`
--
ALTER TABLE `product_categories`
  MODIFY `id` bigint(20) UNSIGNED NOT NULL AUTO_INCREMENT, AUTO_INCREMENT=46;

--
-- AUTO_INCREMENT for table `product_reviews`
--
ALTER TABLE `product_reviews`
  MODIFY `id` bigint(20) UNSIGNED NOT NULL AUTO_INCREMENT, AUTO_INCREMENT=21;

--
-- AUTO_INCREMENT for table `users`
--
ALTER TABLE `users`
  MODIFY `id` bigint(20) UNSIGNED NOT NULL AUTO_INCREMENT, AUTO_INCREMENT=319;

--
-- Constraints for dumped tables
--

--
-- Constraints for table `categories`
--
ALTER TABLE `categories`
  ADD CONSTRAINT `categories_parent_id_foreign` FOREIGN KEY (`parent_id`) REFERENCES `categories` (`id`) ON DELETE CASCADE;

--
-- Constraints for table `order_details`
--
ALTER TABLE `order_details`
  ADD CONSTRAINT `order_details_order_id_foreign` FOREIGN KEY (`order_id`) REFERENCES `orders` (`id`) ON DELETE CASCADE,
  ADD CONSTRAINT `order_details_product_id_foreign` FOREIGN KEY (`product_id`) REFERENCES `products` (`id`) ON DELETE CASCADE;

--
-- Constraints for table `product_categories`
--
ALTER TABLE `product_categories`
  ADD CONSTRAINT `product_categories_category_id_foreign` FOREIGN KEY (`category_id`) REFERENCES `categories` (`id`) ON DELETE CASCADE,
  ADD CONSTRAINT `product_categories_product_id_foreign` FOREIGN KEY (`product_id`) REFERENCES `products` (`id`) ON DELETE CASCADE;

--
-- Constraints for table `product_reviews`
--
ALTER TABLE `product_reviews`
  ADD CONSTRAINT `product_reviews_product_id_foreign` FOREIGN KEY (`product_id`) REFERENCES `products` (`id`) ON DELETE CASCADE;
COMMIT;

/*!40101 SET CHARACTER_SET_CLIENT=@OLD_CHARACTER_SET_CLIENT */;
/*!40101 SET CHARACTER_SET_RESULTS=@OLD_CHARACTER_SET_RESULTS */;
/*!40101 SET COLLATION_CONNECTION=@OLD_COLLATION_CONNECTION */;
